country,population,poultry_supply_capita,poultry_import,poultry_production,GDP,stability,urban,animal_protein_ratio,poultry_protein_ratio,production_per_capita,poultry_gap,import_dependency
Afghanistan,35688935.0,1.79,28937000.0,27637840.0,2335.79586234454,-2.61393089999999,24.8352821238871,18.000918414204804,6.887755102040817,0.7744092111462558,1.015590788853744,45.214062500000004
Albania,2898242.0,11.47,17515470.0,12912000.0,14110.683242211,0.1638298,55.980276426546,55.35499398315283,8.136645962732919,4.455114514246913,7.014885485753088,53.07718181818182
Algeria,41689299.0,6.86,400.0,364252170.0,13493.560749484,-0.929504599999999,71.3227912436551,31.35556042991884,10.947883875480938,8.737306184975669,-1.8773061849756685,0.00013986013986013986
Angola,30234839.0,10.5,265888300.0,40460720.0,8006.83661497696,-0.537214499999999,65.0850525086068,33.642033642033645,26.741573033707862,1.3382151629780465,9.161784837021953,83.61267295597484
Antigua and Barbuda,90468.0,69.28,6143690.0,23480.0,21422.0021576627,0.614623,24.8500263836871,68.26661077342277,48.35738409579368,0.2595392846089225,69.02046071539108,87.767
Argentina,44288894.0,44.3,2097230.0,2116000000.0,23385.0740904917,0.2394066,91.6776028433824,64.35598469666607,28.35102618542109,47.77721475727075,-3.477214757270751,0.10689245667686034
Armenia,2914963.0,15.62,34419230.0,10600000.0,12066.0043093819,-0.3015882,64.7124948593667,50.507445698567764,13.239436619718308,3.6364097931946304,11.983590206805369,74.82441304347827
Australia,24731038.0,50.34,3043000.0,1229505000.0,48564.8286592372,0.7831479,87.12809266445,69.2412501064464,27.930143893740006,49.71505846216402,0.6249415378359799,0.2444176706827309
Austria,8798778.0,18.24,45021850.0,127200000.0,53869.8321183556,0.9266955,67.9051196052802,60.89416566181245,12.901751713632903,14.45655294405655,3.783447055943448,26.17549418604651
Azerbaijan,9968510.0,12.97,23717450.0,104362000.0,14315.9296431061,-0.455635299999999,56.4331887124691,36.73362078031339,16.747781276839394,10.469167408168323,2.500832591831678,18.385620155038758
Bahamas,390485.0,51.37,11218140.0,6573060.0,34282.1710357791,0.8186672,82.0814018736052,63.8228590035819,40.8843537414966,16.833066571059067,34.53693342894093,50.99154545454545
Bangladesh,162186147.0,1.59,167410.0,195371820.0,4882.60692615639,-1.3289506,30.2015798381799,21.049191044288285,5.434782608695651,1.2046147196529677,0.38538528034703234,0.0648875968992248
Barbados,280171.0,47.0,562470.0,15805300.0,18436.8050803186,0.8399905,59.25926986892,56.12254759833768,38.97020836920957,56.413047745840935,-9.413047745840935,3.3086470588235293
Belarus,9495790.0,27.89,17840210.0,484900000.0,18413.747563367,0.0265511,77.0208206176758,56.69858821206437,21.90492773811597,51.06473500361739,-23.174735003617393,6.706845864661654
Belgium,11376581.0,11.38,212149490.0,455364000.0,50256.0631772784,0.3647602,86.6731739531869,60.004013646397745,8.595317725752508,40.0264367651406,-28.6464367651406,135.12706369426752
Belize,373202.0,31.62,3000.0,19646000.0,9120.65338346029,0.0274572,43.4211086747287,44.37274135260713,41.623036649214654,52.64173289532211,-21.021732895322106,0.015
Bolivia (Plurinational State of),11344587.0,44.68,690090.0,504093000.0,10420.3923250933,-0.2207409,69.0838016274736,53.91487777639906,46.375143843498265,44.43467179545628,0.24532820454371773,0.13611242603550297
Bosnia and Herzegovina,3428682.0,18.32,7408640.0,60970000.0,13627.0944831749,-0.3110983,48.4918401819106,36.54334933634566,21.329211746522407,17.782343186098917,0.5376568139010836,11.759746031746033
Botswana,2266747.0,3.3,2230640.0,1316430.0,15700.6650479641,1.0166207,65.9456435684731,30.14040561622465,7.815734989648034,0.580757358452443,2.719242641547557,27.883000000000003
Brazil,204703445.0,48.37,3305780.0,13607352200.0,14559.0488897884,-0.602133799999999,86.1982897571091,60.58603849468543,34.69258732416627,66.47348900259104,-18.10348900259104,0.03338497273278126
Bulgaria,7075636.0,22.13,96121260.0,87029000.0,22317.2548948063,0.4061393,73.3904571533203,52.25848994394988,20.904311251314407,12.299813048607927,9.830186951392072,61.22373248407643
Burkina Faso,19894407.0,2.1,74920.0,188000000.0,2042.40295259917,-0.855665599999999,25.9769918665632,15.169769989047097,8.574007220216606,9.449892122946917,-7.349892122946917,0.1783809523809524
Cabo Verde,512893.0,25.66,10731360.0,902000.0,7935.76176281072,0.7203252,69.1999988159713,42.16015344042196,33.40915553028149,1.7586514146225432,23.901348585377455,82.54892307692307
Cambodia,16073372.0,2.18,872630.0,17480530.0,5050.06356615113,-0.153852799999999,35.0127905056235,33.062682689184804,4.764243614931238,1.087545911337086,1.0924540886629142,2.493228571428572
Cameroon,24128601.0,3.24,9500.0,125006000.0,3767.43072883824,-1.1934513,53.3115142121504,17.776271186440677,11.136536994660565,5.180822543337676,-1.940822543337676,0.01217948717948718
Canada,36808497.0,38.89,143243010.0,1237223000.0,48317.3874457163,1.0192144,81.4018945832226,55.947873558157966,27.950897072710106,33.61242921709083,5.277570782909173,10.009993710691823
Chile,18558868.0,39.66,130215990.0,626126680.0,24295.223766602,0.5894191,87.8000295757281,55.38827258320127,32.43919885550787,33.73733139327248,5.92266860672752,17.692389945652174
"China, mainland",1412354727.0,12.71,450411210.0,13279000000.0,15022.4371883124,-0.203288,60.2402687072754,39.05434965505637,12.193020249892287,9.402028928105114,3.3079710718948867,2.556104704613813
Colombia,48131078.0,34.06,54122910.0,1563607100.0,14400.6139849314,-0.779948499999999,77.2245191706503,55.38990825688073,35.38072233724408,32.48643423278406,1.573565767215939,3.3021909701037218
Comoros,756669.0,17.76,61650.0,574730.0,3347.45652997484,-0.1999982,31.0996559689293,29.106317411402156,42.45632609846479,0.7595527238462261,17.000447276153775,0.47423076923076923
Congo,5351011.0,19.91,94170100.0,6536760.0,4444.63900215824,-0.7695685,63.3544545340423,51.81200453001132,32.932604735883416,1.2215934521532472,18.688406547846753,88.00943925233645
Costa Rica,4913177.0,26.7,12189070.0,133200000.0,20499.3442130778,0.7405908,76.0539254265608,57.92409360979751,25.266903914590742,27.110767635686646,-0.4107676356866463,9.096320895522387
Croatia,4079200.0,11.05,13306980.0,52400000.0,27887.7588440919,0.6251591,55.9009887365155,61.62674650698603,8.307692307692308,12.845656010982546,-1.7956560109825457,29.571066666666667
Cyprus,1254275.0,23.79,9641050.0,25099740.0,37768.1171875,0.6738103,66.8907450570326,52.4509289388055,21.893135881528917,20.011353172151242,3.778646827848757,28.356029411764705
Czechia,10541342.0,22.23,81880310.0,151981000.0,39346.030564257,1.0199948,72.9121853567256,62.76919844521483,16.836820083682007,14.417614000190868,7.812385999809132,33.01625403225806
Democratic Republic of the Congo,87083398.0,1.37,46013930.0,10314000.0,990.545051394781,-2.26337839999999,42.1127579403217,12.364864864864865,17.21311475409836,0.1184381895616889,1.2515618104383113,38.66716806722689
Denmark,5765168.0,25.22,33811680.0,151712000.0,55271.5976002659,0.9149035,88.0161943799509,68.37925445705024,13.99620763214032,26.315278236471165,-1.0952782364711666,23.158684931506848
Dominican Republic,10666843.0,34.77,17747390.0,338636800.0,16846.2072320323,0.0918722,73.926806252977,54.290106204583566,40.643500643500644,31.746675187775804,3.0233248122241996,4.732637333333333
Egypt,103696057.0,14.99,92743940.0,1302922000.0,11124.7351098149,-1.4711477,42.4486008687179,29.299085764040058,25.037147102526003,12.564817194543858,2.425182805456142,5.968078507078507
El Salvador,6213533.0,24.16,10524510.0,136238180.0,8965.2189086345,-0.3360373,71.0856704711914,39.950124688279296,34.26966292134831,21.926041110588773,2.233958889411227,7.0163400000000005
Estonia,1317425.0,21.03,14818480.0,20400000.0,34506.6486942506,0.8425161,68.9931941915158,62.267692885301294,13.641845040699426,15.484752452701292,5.545247547298709,52.92314285714286
Eswatini,1158195.0,6.65,1331280.0,2225860.0,8584.31100767837,-0.380332699999999,23.8052004963161,34.36750085704491,15.162094763092268,1.9218352695357863,4.728164730464214,16.641000000000002
Ethiopia,109666481.0,0.62,177490.0,67382550.0,2004.74755633129,-1.5195725,20.3084850311279,7.91080104646817,4.409448818897639,0.6144315873507421,0.005568412649257892,0.261014705882353
Fiji,918759.0,36.8,2362020.0,33071000.0,12585.2777215161,0.3819841,55.7408343449609,51.36986301369863,42.46153846153845,35.99529365154518,0.8047063484548147,6.561166666666667
Finland,5508396.0,18.99,5432530.0,120800000.0,47234.8528600939,1.1388152,71.9563038312956,65.03762507235591,11.112523839796566,21.930158979129313,-2.940158979129315,4.8504732142857145
France,65284776.0,25.53,374076190.0,1161745000.0,44469.1458856805,0.229972,78.6467804026368,64.35526204385744,15.353242994342848,17.795036931734284,7.734963068265717,21.33920079863092
Gabon,2156900.0,37.11,61274680.0,3994810.0,14796.6286374171,-0.4524644,89.0009733256896,51.939655172413794,37.38807599912645,1.852107190875794,35.25789280912421,76.59335
Gambia,2342189.0,7.63,15984510.0,1272980.0,2038.95429850128,-0.196953699999999,60.471712657237,32.31270358306189,18.04435483870968,0.5435001189058611,7.086499881094139,88.80283333333333
Georgia,3792859.0,17.71,47882730.0,21800000.0,13718.9378669764,-0.1125587,57.9996827205757,42.828258801141764,22.27159122465982,5.74764313674724,11.962356863252761,71.46676119402984
Germany,83104007.0,17.96,474950630.0,1009565000.0,54110.2536648812,0.7022243,80.9842544038853,63.257993384784996,12.200435729847497,12.14821085582552,5.811789144174481,30.504215157353887
Ghana,30008354.0,6.98,147537690.0,60291000.0,5170.96094857439,0.0663948999999999,54.6991419779128,26.183314864650942,19.0447400241838,2.0091405213361586,4.970859478663842,70.5921961722488
Greece,10753533.0,15.05,53290800.0,243730000.0,28681.6815585005,0.00694,77.8895342613411,56.39981051634296,11.490005039475895,22.665109225033298,-7.615109225033297,29.938651685393257
Grenada,115438.0,44.49,6229980.0,657900.0,15041.4525712067,0.9134729,36.0173296416579,59.733885919947646,37.648347635566914,5.6991631871654045,38.7908368128346,77.87475
Guatemala,16567357.0,20.08,123620050.0,288425000.0,9560.17783462724,-0.700759599999999,53.7994723140017,36.97242543612831,34.51293759512938,17.409234315407097,2.670765684592901,34.92091807909605
Guinea,12385659.0,2.16,31501450.0,14991000.0,2687.09504827171,-0.800407099999999,35.5827331542969,22.544642857142858,8.16831683168317,1.210351423367945,0.949648576632055,116.67203703703703
Guinea-Bissau,1877072.0,3.64,4205580.0,2827150.0,2081.81287227685,-0.582037399999999,43.0155792236328,19.657815006237747,14.86854034451496,1.5061489383465312,2.133851061653469,60.07971428571428
Guyana,768479.0,40.58,81310.0,30668020.0,12243.2225968541,-0.0051392,26.412905546573,44.75261607233566,41.634506242905786,39.90742752892402,0.6725724710759806,0.26229032258064516
Haiti,10817754.0,9.1,85498320.0,8521050.0,3339.38884653446,-0.834199999999999,50.735083378449,24.11820781696854,32.80632411067194,0.7876912342432635,8.312308765756736,87.24318367346939
Honduras,9588137.0,21.24,8774570.0,192593000.0,5620.65455247733,-0.9065696,55.3877322339915,38.205980066445186,41.73913043478261,20.086592421447463,1.1534075785525353,4.301259803921568
Hungary,9785604.0,25.14,37587780.0,341107000.0,29728.0121568801,0.7324048,70.4542541503906,59.26451331296377,21.137911986742772,34.858042487719715,-9.718042487719714,14.237795454545454
Iceland,343531.0,32.6,1206520.0,9697000.0,55638.4920591794,1.2503574,93.7718982310092,74.93116559590928,12.93963254593176,28.227437989584637,4.372562010415365,10.968363636363636
India,1359657400.0,2.79,17770.0,3766940000.0,6144.71714444938,-0.572111399999999,33.1821328157539,21.78796046720575,8.65979381443299,2.770506746773121,0.019493253226879226,0.00046763157894736844
Indonesia,267346658.0,7.66,30.0,3175853000.0,10687.6409218443,-0.5816146,54.4541015625,31.591978212428817,13.518808777429467,11.879157284995872,-4.219157284995871,1.4641288433382137e-06
Iran (Islamic Republic of),85026754.0,25.75,5556000.0,2237000000.0,15719.416701551,-0.699442999999999,74.4011840820312,32.68199690218039,42.36237695953336,26.309366108460402,-0.5593661084604022,0.2538145271813614
Iraq,39337353.0,17.3,472062000.0,96000000.0,10191.6616988639,-2.1677252,69.8944511190753,28.200111794298486,38.75123885034688,2.440428566711136,14.859571433288865,80.83253424657534
Ireland,4810261.0,23.66,70413380.0,128170000.0,80450.3529336506,0.9418026,62.9035196521232,64.88416375753728,14.966984592809979,26.645123830079076,-2.9851238300790754,58.19287603305785
Italy,60390318.0,18.96,51247310.0,1006677000.0,42142.3435406885,0.2543499,69.5180784259382,56.4723627007364,13.825608798114692,16.669509837653116,2.2904901623468845,4.372637372013652
Jamaica,2815764.0,53.11,22856430.0,128290000.0,10466.4876782146,0.1291365,55.9152267548307,53.905784138342284,53.384955752212385,45.561346760594994,7.548653239405006,15.037125000000001
Jordan,10234226.0,24.17,52808430.0,221404230.0,9265.51536720733,-0.444359699999999,90.8764609714428,35.704419889502766,42.35976789168278,21.63370537254112,2.536294627458883,21.37993117408907
Kazakhstan,18651931.0,18.16,168860940.0,170729100.0,23973.0602295651,-0.0563947,57.4586448748837,51.16353543979504,17.108282912580847,9.153427599533796,9.006572400466204,50.10710385756677
Kenya,49197766.0,2.17,75140.0,106473000.0,4177.24993580267,-1.1322093,31.5383650847102,28.299643281807374,5.88235294117647,2.164183633866627,0.0058163661333727745,0.07022429906542056
Kiribati,120275.0,19.97,956780.0,887880.0,2562.06561789397,0.9519508,52.9734697275451,52.93086172344689,21.651680075721725,7.382082727083766,12.587917272916233,47.839
Kuwait,4154685.0000000005,45.24,131028140.0,55755000.0,46565.5499504554,0.0018547,100.0,50.21296296296296,37.765074681910384,13.419789947974394,31.820210052025608,69.32705820105821
Kyrgyzstan,6220150.0,3.12,23141710.0,7639000.0,4953.71755085199,-0.2975366,34.9980805726839,40.81632653061224,4.051724137931034,1.22810543154104,1.89189456845896,70.12639393939394
Lao People's Democratic Republic,7018147.0,5.37,4129000.0,28441680.0,7141.90652701767,0.2776591,34.5115346444216,27.53051881993896,11.085450346420323,4.052591089927298,1.317408910072702,10.865789473684211
Latvia,1942594.0,20.96,34695410.0,33393000.0,25763.9907709703,0.6631827,67.9706866054779,58.68661679135495,14.841045011016682,17.18990174992819,3.770098250071811,84.6229512195122
Lebanon,6160128.0,22.82,7848180.0,131136000.0,20963.8249472533,-1.3393518,89.0519233886895,39.102564102564095,32.47162673392182,21.28786934297469,1.5321306570253093,5.566085106382978
Lesotho,2157110.0,6.23,7727520.0,459160.0,2618.81820770145,-0.2021614,36.5283648068846,31.505483549351947,14.978902953586495,0.21285887136029225,6.017141128639708,59.44246153846153
Liberia,4848925.0,12.93,41180360.0,12858580.0,1664.94481323565,-0.2701752,51.7957569553849,28.189712758851037,46.682464454976305,2.6518413875240388,10.278158612475961,65.3656507936508
Libya,6738770.0,27.4,35190340.0,120100230.0,18026.0187834008,-2.29431519999999,87.8166729870528,42.21613901452035,34.84634902734705,17.82227765601141,9.57772234398859,19.021805405405406
Lithuania,2829313.0,28.37,35085390.0,126607000.0,31305.0436934372,0.8922634,67.1012954711914,59.74743488555644,17.067371202113605,44.74831876148026,-16.378318761480262,42.78706097560976
Luxembourg,596495.0,18.8,7521030.0,269900.0,114985.842235989,1.2715421,92.0963768119916,65.0415958493604,11.88282217026544,0.45247655051593055,18.34752344948407,68.37299999999999
Malawi,18039715.0,7.22,352840.0,130114000.0,1380.23263621737,-0.313000899999999,15.9634281867266,22.91210509852987,22.252559726962456,7.212641663130487,0.007358336869512705,0.2714153846153846
Malaysia,32355644.0,52.26,66697039.99999999,1598258070.0,26415.5960203287,-0.011848,74.2354806421432,59.84106248639234,42.73239949063125,49.39657730193842,2.8634226980615765,3.9489070455891055
Malta,467902.0,23.71,5245840.0,3676000.0,45763.7330585065,1.082828,94.5691806330314,56.570990545950096,16.817223727792832,7.8563459869801795,15.85365401301982,40.35261538461539
Mauritania,4210600.0,5.23,23473000.0,4771370.0,5353.06608810407,-0.7637873,54.1970448502004,37.80851317515202,7.442447177546514,1.133180544340474,4.096819455659526,106.69545454545455
Mauritius,1290655.0,37.25,49450.0,47500000.0,22897.9700922102,1.0144918,39.4499348663789,48.62832327083995,36.745807013722505,36.80301862232742,0.4469813776725786,0.10091836734693878
Mexico,123400057.0,34.15,788451840.0,3211687000.0,20488.7150800441,-1.0455954,77.7206924598541,54.835326200964964,29.609793420045904,26.02662493097552,8.12337506902448,18.710295206454674
Mongolia,3104364.0,2.79,9378200.0,220000.0,11096.0375604239,0.716039,67.9260583223672,69.77706706800866,1.6985710434079266,0.07086797811081433,2.7191320218891857,104.20222222222222
Montenegro,620114.0,16.3,6749480.0,1669960.0,19356.6825946889,0.0506422,64.9992438680584,62.539349422875134,9.628291171915333,2.692988708527787,13.607011291472213,67.4948
Morocco,35446392.0,20.59,404350.0,550000000.0,8115.12060546875,-0.5065227,61.2761057031842,30.53045186640471,30.180180180180184,15.516388804818273,5.073611195181726,0.05539041095890411
Mozambique,28166393.0,4.13,22211560.0,88957600.0,1282.74965991801,-1.06530219999999,32.6274411492675,21.596462648359317,20.043103448275865,3.158288674023685,0.9717113259763148,19.147896551724138
Myanmar,51894938.0,32.02,20400.0,1580848000.0,4706.43248949598,-1.24136,29.9051727703437,48.61723446893788,29.554822753503707,30.46247015460352,1.557529845396484,0.0011771494518176572
Namibia,2506853.0,10.89,26899360.0,11493900.0,9887.9393548255,0.6294292,46.8135799686288,36.88658265381764,19.935691318327976,4.584991620968601,6.3050083790314,99.62725925925926
Nepal,28011258.0,2.06,114760.0,57268000.0,3604.70825949747,-0.5502541,65.5768928085184,18.548178765176957,6.47632311977716,2.0444636938476664,0.015536306152333701,0.19786206896551722
Netherlands (Kingdom of the),17315370.0,15.79,358733380.0,1034319000.0,56037.567993606,0.7820237,91.1219700676602,64.44529310674051,10.725925925925926,59.73415526205908,-43.944155262059084,123.70116551724138
Nicaragua,6316231.0,21.84,5225630.0,142712440.0,6225.34702574846,-0.181501599999999,58.1892567408822,36.11694152923538,40.929846409298456,22.594556785526052,-0.7545567855260522,3.7866884057971015
Niger,21435446.0,1.07,2182000.0,18475410.0,1208.14609955266,-1.0412801,16.5036987906896,11.927846674182637,4.536862003780718,0.8619092880082831,0.20809071199171691,9.48695652173913
Nigeria,200254579.0,1.37,12632260.0,257728950.0,7036.67414372387,-1.90978539999999,57.3486345560101,12.263693650024237,8.168642951251647,1.2870065258283059,0.08299347417169423,4.627201465201465
North Macedonia,1940879.0,21.34,36647870.0,1716000.0,17161.049071447,-0.249481799999999,59.7437719356273,44.43972384492831,23.255258126195027,0.8841354870653967,20.455864512934603,89.38504878048781
Norway,5276802.0,20.76,525810.0,90944000.0,64589.5559196863,1.0956942,81.9699745912375,55.533596837944664,13.508896797153024,17.234681157261537,3.5253188427384643,0.4737027027027027
Oman,4537396.0,22.27,121508280.0,6434230.0,33619.4988982607,0.5468563,78.3142260040136,51.74288455388552,20.745776679027607,1.4180446229511376,20.851955377048863,106.58621052631578
Pakistan,223273967.0,5.73,64480.00000000001,1276000000.0,4789.53646557553,-2.2184098,36.4351548223399,41.57255182273052,8.872077028885833,5.714951980944559,0.015048019055441841,0.005041438623924942
Panama,4098707.0000000005,33.79,11639420.0,198136000.0,33533.32602165,0.457992,65.6577712475758,54.75049666939349,32.61472785485592,48.341098790423416,-14.551098790423417,6.062197916666666
Papua New Guinea,9178714.0,3.33,22715160.0,6443530.0,3923.17197680467,-0.8689907,13.5249644881888,54.26415094339623,4.228094575799721,0.7020079283437746,2.6279920716562257,73.27470967741935
Peru,31324637.0,38.19,46126430.0,1464548000.0,12591.8562879234,-0.2242779,82.1931650502403,46.53818700927908,44.09509202453988,46.75386980541865,-8.563869805418655,3.028655942219304
Philippines,108119693.0,13.82,246015630.0,1278081590.0,7773.79853599024,-1.2792545,52.6010482354344,40.88181945025813,21.262798634812288,11.820987967474158,1.999012032525842,16.466909638554217
Poland,38254959.0,33.27,31348320.0,1472701840.0,30170.2818974087,0.6020499,60.145888199417,56.93008585947082,23.007079101261922,38.49701786374938,-5.227017863749374,2.362345139412208
Portugal,10330844.0,30.48,37998250.0,317918000.0,32970.8395386562,1.054818,61.1296726507436,64.62670345288856,18.27943078913325,30.773671541260327,-0.293671541260327,11.69176923076923
Republic of Korea,51486270.0,18.81,106358860.0,766800000.0,43155.9100867658,0.6254761,81.471030429984,54.45877734155916,14.60693443185719,14.893290968640766,3.9167090313592325,10.987485537190082
Republic of Moldova,3193497.0,22.73,11876520.0,44439000.0,11252.1135465283,-0.181840299999999,39.9736557006836,52.65032926697615,21.20155833504203,13.915466336746206,8.814533663253794,19.469704918032786
Romania,19689402.0,22.89,110910090.0,436040000.0,26943.3085419885,0.1382404,53.3648643239046,53.30636651424552,17.304519960409106,22.14592398489299,0.7440760151070123,24.375843956043955
Russian Federation,146186799.0,31.7,218668520.0,4542243650.0,25777.904296875,-0.5386198,74.460036813029,55.53482587064676,22.8763397856343,31.071503590416533,0.628496409583466,4.695480352158041
Rwanda,12202060.0,1.49,11640.0,18215620.0,1967.94286602499,0.094453,20.2477568101111,13.564141160729218,8.261405672009865,1.492831538281241,-0.0028315382812409418,0.06466666666666666
Samoa,205415.0,73.01,15053220.0,398840.0,6280.21500477143,1.0690453,18.9657191879831,62.939745508982035,49.29389029284971,1.9416303580556435,71.06836964194436,83.62899999999999
Saudi Arabia,30782402.0,40.91,730959600.0,650000000.0,53120.4572456269,-0.667506399999999,83.300690534822,41.54545454545455,44.9793338195964,21.11596099615618,19.794039003843817,58.10489666136724
Senegal,15475002.0,6.17,8980.0,95054000.0,3234.36158194088,-0.1422197,47.9338349639053,26.118235846105726,16.706586826347305,6.1424224694769025,0.027577530523097415,0.009354166666666667
Serbia,7073507.0,12.77,7182470.0,85018000.0,17285.4272257972,0.1168497,60.621208190918,47.09287900090977,10.1159114857745,12.019214796846882,0.7507852031531179,7.9805222222222225
Seychelles,112427.0,35.25,3124380.0,633140.0,30674.6487335442,0.813523,43.4968644410824,53.8272866632601,30.320865767989368,5.631565371307604,29.618434628692395,78.1095
Sierra Leone,7379299.0,3.95,13069560.0,15300000.0,2501.4531554482,-0.1470976,41.7106682105058,24.494671076809997,13.353338334583645,2.0733676735418904,1.8766323264581097,45.06744827586207
Slovakia,5435700.0,13.97,48808160.0,69656000.0,30245.7825869756,0.8542516,53.6126018237016,59.675075947695156,14.010624169986722,12.814540905495152,1.1554590945048488,61.010200000000005
Slovenia,2062409.9999999998,24.19,11272440.0,63383000.0,36180.0384547624,0.9455099,55.2451133728027,56.60981814755489,18.45872170439414,30.732492569372727,-6.542492569372726,22.102823529411765
Solomon Islands,685672.0,7.1,3031220.0,283730.0,2454.04671914243,0.1156377,25.3830535769599,29.35393258426966,19.078947368421055,0.4137984342367779,6.686201565763222,60.6244
South Africa,57635162.0,36.71,480345550.0,1658159000.0,13738.4385854596,-0.3828321,63.3311078299936,46.9811320754717,44.41767068273092,28.769920001265895,7.940079998734106,22.71137352245863
Spain,46868596.0,30.34,129773420.0,1317486640.0,39825.2498116292,0.280621,79.4663233085683,64.72776769509981,19.402775830646295,28.110222034387377,2.229777965612623,9.049750348675035
Sri Lanka,22087522.0,9.02,209690.0,200980000.0,13610.4723136618,-0.179121299999999,19.1507693078088,28.25118351434141,20.0591424346969,9.099255226548275,-0.0792552265482751,0.1053718592964824
Suriname,593713.0,31.7,17706960.0,9129000.0,17567.6802396432,0.1667453,66.1046467051207,44.66033601168736,46.77788681714099,15.376116069548756,16.323883930451245,65.58133333333333
Sweden,10057862.0,16.34,52918150.0,152500000.0,51474.1199115161,0.8668924,87.237373786911,65.89937221362933,10.506696120392101,15.162268084409988,1.1777319155900123,28.6044054054054
Switzerland,8453628.0,15.83,33791470.0,90103000.0,68193.5055940262,1.1641565,77.9126273688843,65.28502609393817,11.099154496541122,10.658500705259328,5.171499294740672,25.217514925373134
Syrian Arab Republic,19224668.0,8.05,24297670.0,122180000.0,3265.07029374996,-2.4453795,74.5395596323392,29.380281690140848,17.497603068072866,6.3553763321166326,1.6946236678833682,15.675916129032258
Tajikistan,9085946.0,4.14,2608610.0,6828700.0,3017.00314887354,-0.6533475,26.2731513977051,34.1651424091978,7.074569789674953,0.7515673106575804,3.3884326893424195,6.864763157894736
Thailand,71160187.0,12.64,356380.0,1659115620.0,17573.339815536,-0.984692599999999,49.2311973571777,41.88253012048192,20.64005753326142,23.31522287877068,-10.675222878770679,0.03674020618556701
Timor-Leste,1251703.0,10.41,6880540.0,907510.0,3463.11739023437,0.0703179999999999,29.3600996787092,36.875761266747865,19.405450041288194,0.7250202324353301,9.68497976756467,52.92723076923077
Trinidad and Tobago,1445261.0,58.1,16970000.0,63907000.0,28484.2557157494,0.0748617,53.9293186833833,51.93979224083104,53.755102040816325,44.218310741104894,13.881689258895108,20.202380952380953
Tunisia,11650498.0,16.71,233140.0,138800000.0,11288.7800135085,-0.7432926,68.2877807617188,31.058660873000193,24.864864864864867,11.91365381977663,4.79634618022337,0.11955897435897435
Türkiye,83083662.0,21.18,2752280.0,2136734370.0,28353.5406410966,-1.70623179999999,88.0320472717286,36.80678534812191,24.158014687262593,25.717864602549657,-4.537864602549657,0.15637954545454547
Turkmenistan,6507061.0,4.39,9647530.0,20953460.0,13278.4030353381,-0.2289187,47.0334857399476,50.680989833109535,3.7471612414837243,3.22011119920345,1.1698888007965498,31.12106451612903
Uganda,40177388.0,1.63,184050.0,88738370.0,2157.95747503369,-0.6855171,26.4139260579546,24.57303596544103,6.050695012264922,2.2086644856056843,-0.5786644856056844,0.27886363636363637
Ukraine,45436041.0,23.2,106930340.0,1184700000.0,11536.0810546875,-1.590004,69.2633108489282,45.21299483648882,24.86319295741137,26.074014679227883,-2.8740146792278836,10.125979166666667
United Arab Emirates,9234327.0,26.84,440543310.0,57387000.0,70281.8889504211,0.7192871,84.686675718659,43.21826280623608,31.177531564029888,6.214529764865377,20.62547023513462,88.99864848484849
United Kingdom of Great Britain and Northern Ireland,66354471.00000001,33.26,366959600.0,1660000000.0,46113.0211677324,0.4406625,82.23065673273,58.629418678238856,23.777949113338476,25.01715370468404,8.242846295315957,15.933981762917934
United Republic of Tanzania,55652890.0,1.22,2326600.0,63597000.0,2472.4931640625,-0.683829799999999,32.2987013317296,18.67551923731699,5.013673655423884,1.1427438898501048,0.0772561101498952,3.421470588235294
United States of America,332204660.0,54.6,58075280.0,19140570000.0,60047.7190728307,0.1101294,80.4018678392891,68.1067024578475,30.84123660549329,57.616801642698206,-3.016801642698205,0.3172645725211691
Uruguay,3388438.0,9.37,347870.0,74428000.0,23606.6278007958,1.1129983,95.2288235732042,55.3117907705609,8.382180539273154,21.965283118652312,-12.595283118652313,1.054151515151515
Uzbekistan,31819178.0,2.12,7695820.0,74800000.0,7818.01112977426,-0.2138791,50.6787376403809,41.976516634050874,2.2144522144522143,2.350783543182668,-0.23078354318266792,11.486298507462687
Vanuatu,278507.0,16.72,3394080.0,679220.0,3145.92734989467,0.8525004,24.7644441456437,38.644235526966845,24.23175416133163,2.4387896893076295,14.28121031069237,67.88159999999999
Viet Nam,95176977.0,9.75,105695060.0,786353680.0,9169.73192052855,0.1500179,33.3625963003742,36.76685804345379,13.349663196570733,8.262015718360123,1.4879842816398767,11.401840345199568
Zambia,17441320.0,3.46,12010620.0,47420580.0,3391.62768492775,-0.211101999999999,42.7295979877011,27.816091954022987,10.743801652892563,2.7188641685377024,0.7411358314622976,20.017699999999998
Zimbabwe,14812482.0,5.07,5876560.0,92118470.0,10756.4454416985,-0.8348774,34.7014953017273,45.89823468328141,8.63499245852187,6.218975996055219,-1.1489759960552188,7.835413333333334
