Area,Item,Year,Unit,Value
Afghanistan,Grand Total,2017,g/cap/d,65.33
Afghanistan,Animal Products,2017,g/cap/d,11.76
Afghanistan,Poultry Meat,2017,g/cap/d,0.81
Albania,Grand Total,2017,g/cap/d,116.34
Albania,Animal Products,2017,g/cap/d,64.4
Albania,Poultry Meat,2017,g/cap/d,5.24
Algeria,Grand Total,2017,g/cap/d,91.18
Algeria,Animal Products,2017,g/cap/d,28.59
Algeria,Poultry Meat,2017,g/cap/d,3.13
Angola,Grand Total,2017,g/cap/d,52.91
Angola,Animal Products,2017,g/cap/d,17.8
Angola,Poultry Meat,2017,g/cap/d,4.76
Antigua and Barbuda,Grand Total,2017,g/cap/d,95.42
Antigua and Barbuda,Animal Products,2017,g/cap/d,65.14
Antigua and Barbuda,Poultry Meat,2017,g/cap/d,31.5
Argentina,Grand Total,2017,g/cap/d,109.78
Argentina,Animal Products,2017,g/cap/d,70.65
Argentina,Poultry Meat,2017,g/cap/d,20.03
Armenia,Grand Total,2017,g/cap/d,105.43
Armenia,Animal Products,2017,g/cap/d,53.25
Armenia,Poultry Meat,2017,g/cap/d,7.05
Australia,Grand Total,2017,g/cap/d,117.43
Australia,Animal Products,2017,g/cap/d,81.31
Australia,Poultry Meat,2017,g/cap/d,22.71
Austria,Grand Total,2017,g/cap/d,107.81
Austria,Animal Products,2017,g/cap/d,65.65
Austria,Poultry Meat,2017,g/cap/d,8.47
Azerbaijan,Grand Total,2017,g/cap/d,95.09
Azerbaijan,Animal Products,2017,g/cap/d,34.93
Azerbaijan,Poultry Meat,2017,g/cap/d,5.85
Bahamas,Grand Total,2017,g/cap/d,92.13
Bahamas,Animal Products,2017,g/cap/d,58.8
Bahamas,Poultry Meat,2017,g/cap/d,24.04
Bangladesh,Grand Total,2017,g/cap/d,61.19
Bangladesh,Animal Products,2017,g/cap/d,12.88
Bangladesh,Poultry Meat,2017,g/cap/d,0.7
Barbados,Grand Total,2017,g/cap/d,103.47
Barbados,Animal Products,2017,g/cap/d,58.07
Barbados,Poultry Meat,2017,g/cap/d,22.63
Belarus,Grand Total,2017,g/cap/d,101.29
Belarus,Animal Products,2017,g/cap/d,57.43
Belarus,Poultry Meat,2017,g/cap/d,12.58
Belgium,Grand Total,2017,g/cap/d,99.66
Belgium,Animal Products,2017,g/cap/d,59.8
Belgium,Poultry Meat,2017,g/cap/d,5.14
Belize,Grand Total,2017,g/cap/d,77.48
Belize,Animal Products,2017,g/cap/d,34.38
Belize,Poultry Meat,2017,g/cap/d,14.31
Bolivia (Plurinational State of),Grand Total,2017,g/cap/d,80.59
Bolivia (Plurinational State of),Animal Products,2017,g/cap/d,43.45
Bolivia (Plurinational State of),Poultry Meat,2017,g/cap/d,20.15
Bosnia and Herzegovina,Grand Total,2017,g/cap/d,106.23
Bosnia and Herzegovina,Animal Products,2017,g/cap/d,38.82
Bosnia and Herzegovina,Poultry Meat,2017,g/cap/d,8.28
Botswana,Grand Total,2017,g/cap/d,64.1
Botswana,Animal Products,2017,g/cap/d,19.32
Botswana,Poultry Meat,2017,g/cap/d,1.51
Brazil,Grand Total,2017,g/cap/d,104.43
Brazil,Animal Products,2017,g/cap/d,63.27
Brazil,Poultry Meat,2017,g/cap/d,21.95
Bulgaria,Grand Total,2017,g/cap/d,90.99
Bulgaria,Animal Products,2017,g/cap/d,47.55
Bulgaria,Poultry Meat,2017,g/cap/d,9.94
Burkina Faso,Grand Total,2017,g/cap/d,73.04
Burkina Faso,Animal Products,2017,g/cap/d,11.08
Burkina Faso,Poultry Meat,2017,g/cap/d,0.95
Cabo Verde,Grand Total,2017,g/cap/d,83.42
Cabo Verde,Animal Products,2017,g/cap/d,35.17
Cabo Verde,Poultry Meat,2017,g/cap/d,11.75
Cambodia,Grand Total,2017,g/cap/d,61.58
Cambodia,Animal Products,2017,g/cap/d,20.36
Cambodia,Poultry Meat,2017,g/cap/d,0.97
Cameroon,Grand Total,2017,g/cap/d,73.75
Cameroon,Animal Products,2017,g/cap/d,13.11
Cameroon,Poultry Meat,2017,g/cap/d,1.46
Canada,Grand Total,2017,g/cap/d,113.57
Canada,Animal Products,2017,g/cap/d,63.54
Canada,Poultry Meat,2017,g/cap/d,17.76
Chile,Grand Total,2017,g/cap/d,100.96
Chile,Animal Products,2017,g/cap/d,55.92
Chile,Poultry Meat,2017,g/cap/d,18.14
China,Grand Total,2017,g/cap/d,118.59
China,Animal Products,2017,g/cap/d,46.81
China,Poultry Meat,2017,g/cap/d,5.9
"China, Hong Kong SAR",Grand Total,2017,g/cap/d,148.15
"China, Hong Kong SAR",Animal Products,2017,g/cap/d,105.74
"China, Hong Kong SAR",Poultry Meat,2017,g/cap/d,21.88
"China, Macao SAR",Grand Total,2017,g/cap/d,122.24
"China, Macao SAR",Animal Products,2017,g/cap/d,80.57
"China, Macao SAR",Poultry Meat,2017,g/cap/d,14.87
"China, mainland",Grand Total,2017,g/cap/d,118.86
"China, mainland",Animal Products,2017,g/cap/d,46.42
"China, mainland",Poultry Meat,2017,g/cap/d,5.66
"China, Taiwan Province of",Grand Total,2017,g/cap/d,93.4
"China, Taiwan Province of",Animal Products,2017,g/cap/d,50.79
"China, Taiwan Province of",Poultry Meat,2017,g/cap/d,15.04
Colombia,Grand Total,2017,g/cap/d,78.48
Colombia,Animal Products,2017,g/cap/d,43.47
Colombia,Poultry Meat,2017,g/cap/d,15.38
Comoros,Grand Total,2017,g/cap/d,64.9
Comoros,Animal Products,2017,g/cap/d,18.89
Comoros,Poultry Meat,2017,g/cap/d,8.02
Congo,Grand Total,2017,g/cap/d,52.98
Congo,Animal Products,2017,g/cap/d,27.45
Congo,Poultry Meat,2017,g/cap/d,9.04
Costa Rica,Grand Total,2017,g/cap/d,82.47
Costa Rica,Animal Products,2017,g/cap/d,47.77
Costa Rica,Poultry Meat,2017,g/cap/d,12.07
Côte d'Ivoire,Grand Total,2017,g/cap/d,64.44
Côte d'Ivoire,Animal Products,2017,g/cap/d,14.54
Côte d'Ivoire,Poultry Meat,2017,g/cap/d,0.82
Croatia,Grand Total,2017,g/cap/d,100.2
Croatia,Animal Products,2017,g/cap/d,61.75
Croatia,Poultry Meat,2017,g/cap/d,5.13
Cuba,Grand Total,2017,g/cap/d,99.73
Cuba,Animal Products,2017,g/cap/d,44.13
Cuba,Poultry Meat,2017,g/cap/d,13.59
Cyprus,Grand Total,2017,g/cap/d,95.27
Cyprus,Animal Products,2017,g/cap/d,49.97
Cyprus,Poultry Meat,2017,g/cap/d,10.94
Czechia,Grand Total,2017,g/cap/d,95.19
Czechia,Animal Products,2017,g/cap/d,59.75
Czechia,Poultry Meat,2017,g/cap/d,10.06
Democratic People's Republic of Korea,Grand Total,2017,g/cap/d,58.42
Democratic People's Republic of Korea,Animal Products,2017,g/cap/d,11.73
Democratic People's Republic of Korea,Poultry Meat,2017,g/cap/d,0.73
Democratic Republic of the Congo,Grand Total,2017,g/cap/d,29.6
Democratic Republic of the Congo,Animal Products,2017,g/cap/d,3.66
Democratic Republic of the Congo,Poultry Meat,2017,g/cap/d,0.63
Denmark,Grand Total,2017,g/cap/d,123.4
Denmark,Animal Products,2017,g/cap/d,84.38
Denmark,Poultry Meat,2017,g/cap/d,11.81
Djibouti,Grand Total,2017,g/cap/d,72.33
Djibouti,Animal Products,2017,g/cap/d,15.06
Djibouti,Poultry Meat,2017,g/cap/d,1.17
Dominican Republic,Grand Total,2017,g/cap/d,71.56
Dominican Republic,Animal Products,2017,g/cap/d,38.85
Dominican Republic,Poultry Meat,2017,g/cap/d,15.79
Ecuador,Grand Total,2017,g/cap/d,67.13
Ecuador,Animal Products,2017,g/cap/d,35.55
Ecuador,Poultry Meat,2017,g/cap/d,9.16
Egypt,Grand Total,2017,g/cap/d,91.88
Egypt,Animal Products,2017,g/cap/d,26.92
Egypt,Poultry Meat,2017,g/cap/d,6.74
El Salvador,Grand Total,2017,g/cap/d,80.2
El Salvador,Animal Products,2017,g/cap/d,32.04
El Salvador,Poultry Meat,2017,g/cap/d,10.98
Estonia,Grand Total,2017,g/cap/d,106.54
Estonia,Animal Products,2017,g/cap/d,66.34
Estonia,Poultry Meat,2017,g/cap/d,9.05
Eswatini,Grand Total,2017,g/cap/d,58.34
Eswatini,Animal Products,2017,g/cap/d,20.05
Eswatini,Poultry Meat,2017,g/cap/d,3.04
Ethiopia,Grand Total,2017,g/cap/d,80.27
Ethiopia,Animal Products,2017,g/cap/d,6.35
Ethiopia,Poultry Meat,2017,g/cap/d,0.28
Fiji,Grand Total,2017,g/cap/d,75.92
Fiji,Animal Products,2017,g/cap/d,39
Fiji,Poultry Meat,2017,g/cap/d,16.56
Finland,Grand Total,2017,g/cap/d,120.93
Finland,Animal Products,2017,g/cap/d,78.65
Finland,Poultry Meat,2017,g/cap/d,8.74
France,Grand Total,2017,g/cap/d,118.11
France,Animal Products,2017,g/cap/d,76.01
France,Poultry Meat,2017,g/cap/d,11.67
French Polynesia,Grand Total,2017,g/cap/d,107.45
French Polynesia,Animal Products,2017,g/cap/d,69.24
French Polynesia,Poultry Meat,2017,g/cap/d,21.68
Gabon,Grand Total,2017,g/cap/d,88.16
Gabon,Animal Products,2017,g/cap/d,45.79
Gabon,Poultry Meat,2017,g/cap/d,17.12
Gambia,Grand Total,2017,g/cap/d,61.4
Gambia,Animal Products,2017,g/cap/d,19.84
Gambia,Poultry Meat,2017,g/cap/d,3.58
Georgia,Grand Total,2017,g/cap/d,84.08
Georgia,Animal Products,2017,g/cap/d,36.01
Georgia,Poultry Meat,2017,g/cap/d,8.02
Germany,Grand Total,2017,g/cap/d,108.84
Germany,Animal Products,2017,g/cap/d,68.85
Germany,Poultry Meat,2017,g/cap/d,8.4
Ghana,Grand Total,2017,g/cap/d,63.17
Ghana,Animal Products,2017,g/cap/d,16.54
Ghana,Poultry Meat,2017,g/cap/d,3.15
Greece,Grand Total,2017,g/cap/d,105.55
Greece,Animal Products,2017,g/cap/d,59.53
Greece,Poultry Meat,2017,g/cap/d,6.84
Grenada,Grand Total,2017,g/cap/d,91.69
Grenada,Animal Products,2017,g/cap/d,54.77
Grenada,Poultry Meat,2017,g/cap/d,20.62
Guatemala,Grand Total,2017,g/cap/d,71.08
Guatemala,Animal Products,2017,g/cap/d,26.28
Guatemala,Poultry Meat,2017,g/cap/d,9.07
Guinea,Grand Total,2017,g/cap/d,53.76
Guinea,Animal Products,2017,g/cap/d,12.12
Guinea,Poultry Meat,2017,g/cap/d,0.99
Guinea-Bissau,Grand Total,2017,g/cap/d,56.11
Guinea-Bissau,Animal Products,2017,g/cap/d,11.03
Guinea-Bissau,Poultry Meat,2017,g/cap/d,1.64
Guyana,Grand Total,2017,g/cap/d,98.43
Guyana,Animal Products,2017,g/cap/d,44.05
Guyana,Poultry Meat,2017,g/cap/d,18.34
Haiti,Grand Total,2017,g/cap/d,52.45
Haiti,Animal Products,2017,g/cap/d,12.65
Haiti,Poultry Meat,2017,g/cap/d,4.15
Honduras,Grand Total,2017,g/cap/d,60.2
Honduras,Animal Products,2017,g/cap/d,23
Honduras,Poultry Meat,2017,g/cap/d,9.6
Hungary,Grand Total,2017,g/cap/d,91.64
Hungary,Animal Products,2017,g/cap/d,54.31
Hungary,Poultry Meat,2017,g/cap/d,11.48
Iceland,Grand Total,2017,g/cap/d,152.54
Iceland,Animal Products,2017,g/cap/d,114.3
Iceland,Poultry Meat,2017,g/cap/d,14.79
India,Grand Total,2017,g/cap/d,66.78
India,Animal Products,2017,g/cap/d,14.55
India,Poultry Meat,2017,g/cap/d,1.26
Indonesia,Grand Total,2017,g/cap/d,80.78
Indonesia,Animal Products,2017,g/cap/d,25.52
Indonesia,Poultry Meat,2017,g/cap/d,3.45
Iran (Islamic Republic of),Grand Total,2017,g/cap/d,83.93
Iran (Islamic Republic of),Animal Products,2017,g/cap/d,27.43
Iran (Islamic Republic of),Poultry Meat,2017,g/cap/d,11.62
Iraq,Grand Total,2017,g/cap/d,71.56
Iraq,Animal Products,2017,g/cap/d,20.18
Iraq,Poultry Meat,2017,g/cap/d,7.82
Ireland,Grand Total,2017,g/cap/d,126.04
Ireland,Animal Products,2017,g/cap/d,81.78
Ireland,Poultry Meat,2017,g/cap/d,12.24
Israel,Grand Total,2017,g/cap/d,130.82
Israel,Animal Products,2017,g/cap/d,79.68
Israel,Poultry Meat,2017,g/cap/d,34.36
Italy,Grand Total,2017,g/cap/d,112.71
Italy,Animal Products,2017,g/cap/d,63.65
Italy,Poultry Meat,2017,g/cap/d,8.8
Jamaica,Grand Total,2017,g/cap/d,83.85
Jamaica,Animal Products,2017,g/cap/d,45.2
Jamaica,Poultry Meat,2017,g/cap/d,24.13
Jordan,Grand Total,2017,g/cap/d,72.4
Jordan,Animal Products,2017,g/cap/d,25.85
Jordan,Poultry Meat,2017,g/cap/d,10.95
Kazakhstan,Grand Total,2017,g/cap/d,93.68
Kazakhstan,Animal Products,2017,g/cap/d,47.93
Kazakhstan,Poultry Meat,2017,g/cap/d,8.2
Kenya,Grand Total,2017,g/cap/d,58.87
Kenya,Animal Products,2017,g/cap/d,16.66
Kenya,Poultry Meat,2017,g/cap/d,0.98
Kiribati,Grand Total,2017,g/cap/d,79.84
Kiribati,Animal Products,2017,g/cap/d,42.26
Kiribati,Poultry Meat,2017,g/cap/d,9.15
Kuwait,Grand Total,2017,g/cap/d,108
Kuwait,Animal Products,2017,g/cap/d,54.23
Kuwait,Poultry Meat,2017,g/cap/d,20.48
Kyrgyzstan,Grand Total,2017,g/cap/d,85.26
Kyrgyzstan,Animal Products,2017,g/cap/d,34.8
Kyrgyzstan,Poultry Meat,2017,g/cap/d,1.41
Lao People's Democratic Republic,Grand Total,2017,g/cap/d,78.64
Lao People's Democratic Republic,Animal Products,2017,g/cap/d,21.65
Lao People's Democratic Republic,Poultry Meat,2017,g/cap/d,2.4
Latvia,Grand Total,2017,g/cap/d,108.27
Latvia,Animal Products,2017,g/cap/d,63.54
Latvia,Poultry Meat,2017,g/cap/d,9.43
Lebanon,Grand Total,2017,g/cap/d,81.12
Lebanon,Animal Products,2017,g/cap/d,31.72
Lebanon,Poultry Meat,2017,g/cap/d,10.3
Lesotho,Grand Total,2017,g/cap/d,60.18
Lesotho,Animal Products,2017,g/cap/d,18.96
Lesotho,Poultry Meat,2017,g/cap/d,2.84
Liberia,Grand Total,2017,g/cap/d,44.91
Liberia,Animal Products,2017,g/cap/d,12.66
Liberia,Poultry Meat,2017,g/cap/d,5.91
Libya,Grand Total,2017,g/cap/d,84.02
Libya,Animal Products,2017,g/cap/d,35.47
Libya,Poultry Meat,2017,g/cap/d,12.36
Lithuania,Grand Total,2017,g/cap/d,126.7
Lithuania,Animal Products,2017,g/cap/d,75.7
Lithuania,Poultry Meat,2017,g/cap/d,12.92
Luxembourg,Grand Total,2017,g/cap/d,111.79
Luxembourg,Animal Products,2017,g/cap/d,72.71
Luxembourg,Poultry Meat,2017,g/cap/d,8.64
Madagascar,Grand Total,2017,g/cap/d,41.5
Madagascar,Animal Products,2017,g/cap/d,7.25
Madagascar,Poultry Meat,2017,g/cap/d,1.42
Malawi,Grand Total,2017,g/cap/d,63.94
Malawi,Animal Products,2017,g/cap/d,14.65
Malawi,Poultry Meat,2017,g/cap/d,3.26
Malaysia,Grand Total,2017,g/cap/d,91.86
Malaysia,Animal Products,2017,g/cap/d,54.97
Malaysia,Poultry Meat,2017,g/cap/d,23.49
Maldives,Grand Total,2017,g/cap/d,104.61
Maldives,Animal Products,2017,g/cap/d,57.05
Maldives,Poultry Meat,2017,g/cap/d,7.13
Malta,Grand Total,2017,g/cap/d,117.41
Malta,Animal Products,2017,g/cap/d,66.42
Malta,Poultry Meat,2017,g/cap/d,11.17
Mauritania,Grand Total,2017,g/cap/d,83.87
Mauritania,Animal Products,2017,g/cap/d,31.71
Mauritania,Poultry Meat,2017,g/cap/d,2.36
Mauritius,Grand Total,2017,g/cap/d,94.41
Mauritius,Animal Products,2017,g/cap/d,45.91
Mauritius,Poultry Meat,2017,g/cap/d,16.87
Mexico,Grand Total,2017,g/cap/d,95.34
Mexico,Animal Products,2017,g/cap/d,52.28
Mexico,Poultry Meat,2017,g/cap/d,15.48
Mongolia,Grand Total,2017,g/cap/d,106.31
Mongolia,Animal Products,2017,g/cap/d,74.18
Mongolia,Poultry Meat,2017,g/cap/d,1.26
Montenegro,Grand Total,2017,g/cap/d,123.89
Montenegro,Animal Products,2017,g/cap/d,77.48
Montenegro,Poultry Meat,2017,g/cap/d,7.46
Morocco,Grand Total,2017,g/cap/d,101.8
Morocco,Animal Products,2017,g/cap/d,31.08
Morocco,Poultry Meat,2017,g/cap/d,9.38
Mozambique,Grand Total,2017,g/cap/d,42.97
Mozambique,Animal Products,2017,g/cap/d,9.28
Mozambique,Poultry Meat,2017,g/cap/d,1.86
Myanmar,Grand Total,2017,g/cap/d,99.8
Myanmar,Animal Products,2017,g/cap/d,48.52
Myanmar,Poultry Meat,2017,g/cap/d,14.34
Namibia,Grand Total,2017,g/cap/d,67.45
Namibia,Animal Products,2017,g/cap/d,24.88
Namibia,Poultry Meat,2017,g/cap/d,4.96
Nepal,Grand Total,2017,g/cap/d,77.42
Nepal,Animal Products,2017,g/cap/d,14.36
Nepal,Poultry Meat,2017,g/cap/d,0.93
Netherlands (Kingdom of the),Grand Total,2017,g/cap/d,104.74
Netherlands (Kingdom of the),Animal Products,2017,g/cap/d,67.5
Netherlands (Kingdom of the),Poultry Meat,2017,g/cap/d,7.24
New Caledonia,Grand Total,2017,g/cap/d,94.14
New Caledonia,Animal Products,2017,g/cap/d,55.23
New Caledonia,Poultry Meat,2017,g/cap/d,16.56
New Zealand,Grand Total,2017,g/cap/d,98.72
New Zealand,Animal Products,2017,g/cap/d,56.74
New Zealand,Poultry Meat,2017,g/cap/d,11.56
Nicaragua,Grand Total,2017,g/cap/d,66.7
Nicaragua,Animal Products,2017,g/cap/d,24.09
Nicaragua,Poultry Meat,2017,g/cap/d,9.86
Niger,Grand Total,2017,g/cap/d,88.7
Niger,Animal Products,2017,g/cap/d,10.58
Niger,Poultry Meat,2017,g/cap/d,0.48
Nigeria,Grand Total,2017,g/cap/d,61.89
Nigeria,Animal Products,2017,g/cap/d,7.59
Nigeria,Poultry Meat,2017,g/cap/d,0.62
North Macedonia,Grand Total,2017,g/cap/d,94.15
North Macedonia,Animal Products,2017,g/cap/d,41.84
North Macedonia,Poultry Meat,2017,g/cap/d,9.73
Norway,Grand Total,2017,g/cap/d,126.5
Norway,Animal Products,2017,g/cap/d,70.25
Norway,Poultry Meat,2017,g/cap/d,9.49
Oman,Grand Total,2017,g/cap/d,93.81
Oman,Animal Products,2017,g/cap/d,48.54
Oman,Poultry Meat,2017,g/cap/d,10.07
Pakistan,Grand Total,2017,g/cap/d,69.95
Pakistan,Animal Products,2017,g/cap/d,29.08
Pakistan,Poultry Meat,2017,g/cap/d,2.58
Panama,Grand Total,2017,g/cap/d,85.57
Panama,Animal Products,2017,g/cap/d,46.85
Panama,Poultry Meat,2017,g/cap/d,15.28
Papua New Guinea,Grand Total,2017,g/cap/d,66.25
Papua New Guinea,Animal Products,2017,g/cap/d,35.95
Papua New Guinea,Poultry Meat,2017,g/cap/d,1.52
Paraguay,Grand Total,2017,g/cap/d,74.12
Paraguay,Animal Products,2017,g/cap/d,35.78
Paraguay,Poultry Meat,2017,g/cap/d,4.61
Peru,Grand Total,2017,g/cap/d,84.06
Peru,Animal Products,2017,g/cap/d,39.12
Peru,Poultry Meat,2017,g/cap/d,17.25
Philippines,Grand Total,2017,g/cap/d,71.67
Philippines,Animal Products,2017,g/cap/d,29.3
Philippines,Poultry Meat,2017,g/cap/d,6.23
Poland,Grand Total,2017,g/cap/d,114.14
Poland,Animal Products,2017,g/cap/d,64.98
Poland,Poultry Meat,2017,g/cap/d,14.95
Portugal,Grand Total,2017,g/cap/d,119.61
Portugal,Animal Products,2017,g/cap/d,77.3
Portugal,Poultry Meat,2017,g/cap/d,14.13
Republic of Korea,Grand Total,2017,g/cap/d,106.98
Republic of Korea,Animal Products,2017,g/cap/d,58.26
Republic of Korea,Poultry Meat,2017,g/cap/d,8.51
Republic of Moldova,Grand Total,2017,g/cap/d,92.63
Republic of Moldova,Animal Products,2017,g/cap/d,48.77
Republic of Moldova,Poultry Meat,2017,g/cap/d,10.34
Romania,Grand Total,2017,g/cap/d,113.72
Romania,Animal Products,2017,g/cap/d,60.62
Romania,Poultry Meat,2017,g/cap/d,10.49
Russian Federation,Grand Total,2017,g/cap/d,112.56
Russian Federation,Animal Products,2017,g/cap/d,62.51
Russian Federation,Poultry Meat,2017,g/cap/d,14.3
Rwanda,Grand Total,2017,g/cap/d,59.79
Rwanda,Animal Products,2017,g/cap/d,8.11
Rwanda,Poultry Meat,2017,g/cap/d,0.67
Saint Kitts and Nevis,Grand Total,2017,g/cap/d,103.06
Saint Kitts and Nevis,Animal Products,2017,g/cap/d,65.63
Saint Kitts and Nevis,Poultry Meat,2017,g/cap/d,26.02
Saint Lucia,Grand Total,2017,g/cap/d,100.98
Saint Lucia,Animal Products,2017,g/cap/d,62.52
Saint Lucia,Poultry Meat,2017,g/cap/d,28.48
Saint Vincent and the Grenadines,Grand Total,2017,g/cap/d,111.59
Saint Vincent and the Grenadines,Animal Products,2017,g/cap/d,63.42
Saint Vincent and the Grenadines,Poultry Meat,2017,g/cap/d,37.04
Samoa,Grand Total,2017,g/cap/d,106.88
Samoa,Animal Products,2017,g/cap/d,67.27
Samoa,Poultry Meat,2017,g/cap/d,33.16
Sao Tome and Principe,Grand Total,2017,g/cap/d,54.79
Sao Tome and Principe,Animal Products,2017,g/cap/d,17.46
Sao Tome and Principe,Poultry Meat,2017,g/cap/d,4.31
Saudi Arabia,Grand Total,2017,g/cap/d,99
Saudi Arabia,Animal Products,2017,g/cap/d,41.13
Saudi Arabia,Poultry Meat,2017,g/cap/d,18.5
Senegal,Grand Total,2017,g/cap/d,63.94
Senegal,Animal Products,2017,g/cap/d,16.7
Senegal,Poultry Meat,2017,g/cap/d,2.79
Serbia,Grand Total,2017,g/cap/d,120.91
Serbia,Animal Products,2017,g/cap/d,56.94
Serbia,Poultry Meat,2017,g/cap/d,5.76
Seychelles,Grand Total,2017,g/cap/d,97.85
Seychelles,Animal Products,2017,g/cap/d,52.67
Seychelles,Poultry Meat,2017,g/cap/d,15.97
Sierra Leone,Grand Total,2017,g/cap/d,54.42
Sierra Leone,Animal Products,2017,g/cap/d,13.33
Sierra Leone,Poultry Meat,2017,g/cap/d,1.78
Slovakia,Grand Total,2017,g/cap/d,75.71
Slovakia,Animal Products,2017,g/cap/d,45.18
Slovakia,Poultry Meat,2017,g/cap/d,6.33
Slovenia,Grand Total,2017,g/cap/d,106.13
Slovenia,Animal Products,2017,g/cap/d,60.08
Slovenia,Poultry Meat,2017,g/cap/d,11.09
Solomon Islands,Grand Total,2017,g/cap/d,56.96
Solomon Islands,Animal Products,2017,g/cap/d,16.72
Solomon Islands,Poultry Meat,2017,g/cap/d,3.19
South Africa,Grand Total,2017,g/cap/d,79.5
South Africa,Animal Products,2017,g/cap/d,37.35
South Africa,Poultry Meat,2017,g/cap/d,16.59
Spain,Grand Total,2017,g/cap/d,110.2
Spain,Animal Products,2017,g/cap/d,71.33
Spain,Poultry Meat,2017,g/cap/d,13.84
Sri Lanka,Grand Total,2017,g/cap/d,71.82
Sri Lanka,Animal Products,2017,g/cap/d,20.29
Sri Lanka,Poultry Meat,2017,g/cap/d,4.07
Suriname,Grand Total,2017,g/cap/d,68.45
Suriname,Animal Products,2017,g/cap/d,30.57
Suriname,Poultry Meat,2017,g/cap/d,14.3
Sweden,Grand Total,2017,g/cap/d,109.91
Sweden,Animal Products,2017,g/cap/d,72.43
Sweden,Poultry Meat,2017,g/cap/d,7.61
Switzerland,Grand Total,2017,g/cap/d,99.64
Switzerland,Animal Products,2017,g/cap/d,65.05
Switzerland,Poultry Meat,2017,g/cap/d,7.22
Syrian Arab Republic,Grand Total,2017,g/cap/d,71
Syrian Arab Republic,Animal Products,2017,g/cap/d,20.86
Syrian Arab Republic,Poultry Meat,2017,g/cap/d,3.65
Tajikistan,Grand Total,2017,g/cap/d,76.54
Tajikistan,Animal Products,2017,g/cap/d,26.15
Tajikistan,Poultry Meat,2017,g/cap/d,1.85
Thailand,Grand Total,2017,g/cap/d,66.4
Thailand,Animal Products,2017,g/cap/d,27.81
Thailand,Poultry Meat,2017,g/cap/d,5.74
Timor-Leste,Grand Total,2017,g/cap/d,65.68
Timor-Leste,Animal Products,2017,g/cap/d,24.22
Timor-Leste,Poultry Meat,2017,g/cap/d,4.7
Trinidad and Tobago,Grand Total,2017,g/cap/d,94.34
Trinidad and Tobago,Animal Products,2017,g/cap/d,49
Trinidad and Tobago,Poultry Meat,2017,g/cap/d,26.34
Tunisia,Grand Total,2017,g/cap/d,101.26
Tunisia,Animal Products,2017,g/cap/d,31.45
Tunisia,Poultry Meat,2017,g/cap/d,7.82
Türkiye,Grand Total,2017,g/cap/d,107.29
Türkiye,Animal Products,2017,g/cap/d,39.49
Türkiye,Poultry Meat,2017,g/cap/d,9.54
Turkmenistan,Grand Total,2017,g/cap/d,104.26
Turkmenistan,Animal Products,2017,g/cap/d,52.84
Turkmenistan,Poultry Meat,2017,g/cap/d,1.98
Uganda,Grand Total,2017,g/cap/d,49.77
Uganda,Animal Products,2017,g/cap/d,12.23
Uganda,Poultry Meat,2017,g/cap/d,0.74
Ukraine,Grand Total,2017,g/cap/d,92.96
Ukraine,Animal Products,2017,g/cap/d,42.03
Ukraine,Poultry Meat,2017,g/cap/d,10.45
United Arab Emirates,Grand Total,2017,g/cap/d,89.8
United Arab Emirates,Animal Products,2017,g/cap/d,38.81
United Arab Emirates,Poultry Meat,2017,g/cap/d,12.1
United Kingdom of Great Britain and Northern Ireland,Grand Total,2017,g/cap/d,110.61
United Kingdom of Great Britain and Northern Ireland,Animal Products,2017,g/cap/d,64.85
United Kingdom of Great Britain and Northern Ireland,Poultry Meat,2017,g/cap/d,15.42
United Republic of Tanzania,Grand Total,2017,g/cap/d,58.74
United Republic of Tanzania,Animal Products,2017,g/cap/d,10.97
United Republic of Tanzania,Poultry Meat,2017,g/cap/d,0.55
United States of America,Grand Total,2017,g/cap/d,119.21
United States of America,Animal Products,2017,g/cap/d,81.19
United States of America,Poultry Meat,2017,g/cap/d,25.04
Uruguay,Grand Total,2017,g/cap/d,92.53
Uruguay,Animal Products,2017,g/cap/d,51.18
Uruguay,Poultry Meat,2017,g/cap/d,4.29
Uzbekistan,Grand Total,2017,g/cap/d,102.2
Uzbekistan,Animal Products,2017,g/cap/d,42.9
Uzbekistan,Poultry Meat,2017,g/cap/d,0.95
Vanuatu,Grand Total,2017,g/cap/d,80.84
Vanuatu,Animal Products,2017,g/cap/d,31.24
Vanuatu,Poultry Meat,2017,g/cap/d,7.57
Venezuela (Bolivarian Republic of),Grand Total,2017,g/cap/d,58.38
Venezuela (Bolivarian Republic of),Animal Products,2017,g/cap/d,26.59
Venezuela (Bolivarian Republic of),Poultry Meat,2017,g/cap/d,7.17
Viet Nam,Grand Total,2017,g/cap/d,88.83
Viet Nam,Animal Products,2017,g/cap/d,32.66
Viet Nam,Poultry Meat,2017,g/cap/d,4.36
Yemen,Grand Total,2017,g/cap/d,49.03
Yemen,Animal Products,2017,g/cap/d,9.88
Yemen,Poultry Meat,2017,g/cap/d,3.44
Zambia,Grand Total,2017,g/cap/d,52.2
Zambia,Animal Products,2017,g/cap/d,14.52
Zambia,Poultry Meat,2017,g/cap/d,1.56
Zimbabwe,Grand Total,2017,g/cap/d,57.78
Zimbabwe,Animal Products,2017,g/cap/d,26.52
Zimbabwe,Poultry Meat,2017,g/cap/d,2.29