Area,Year,Unit,Value
Afghanistan,2017,1000 No,35688.935
Albania,2017,1000 No,2898.242
Algeria,2017,1000 No,41689.299
American Samoa,2017,1000 No,51.586
Andorra,2017,1000 No,73.763
Angola,2017,1000 No,30234.839
Anguilla,2017,1000 No,14.425
Antigua and Barbuda,2017,1000 No,90.468
Argentina,2017,1000 No,44288.894
Armenia,2017,1000 No,2914.963
Aruba,2017,1000 No,105.731
"Ascension, Saint Helena and Tristan da Cunha",2017,1000 No,5.501
Australia,2017,1000 No,24731.038
Austria,2017,1000 No,8798.778
Azerbaijan,2017,1000 No,9968.51
Bahamas,2017,1000 No,390.485
Bahrain,2017,1000 No,1481.995
Bangladesh,2017,1000 No,162186.147
Barbados,2017,1000 No,280.171
Belarus,2017,1000 No,9495.79
Belgium,2017,1000 No,11376.581
Belize,2017,1000 No,373.202
Benin,2017,1000 No,12039.78
Bermuda,2017,1000 No,63.578
Bhutan,2017,1000 No,754.335
Bolivia (Plurinational State of),2017,1000 No,11344.587
"Bonaire, Sint Eustatius and Saba",2017,1000 No,24.797
Bosnia and Herzegovina,2017,1000 No,3428.682
Botswana,2017,1000 No,2266.747
Brazil,2017,1000 No,204703.445
British Virgin Islands,2017,1000 No,32.699
Brunei Darussalam,2017,1000 No,432.772
Bulgaria,2017,1000 No,7075.636
Burkina Faso,2017,1000 No,19894.407
Burundi,2017,1000 No,11506.762
Cabo Verde,2017,1000 No,512.893
Cambodia,2017,1000 No,16073.372
Cameroon,2017,1000 No,24128.601
Canada,2017,1000 No,36808.497
Cayman Islands,2017,1000 No,64.535
Central African Republic,2017,1000 No,4793.511
Chad,2017,1000 No,15622.759
Chile,2017,1000 No,18558.868
China,2017,1000 No,1444079.121
"China, Hong Kong SAR",2017,1000 No,7444.891
"China, Macao SAR",2017,1000 No,646.554
"China, mainland",2017,1000 No,1412354.727
"China, Taiwan Province of",2017,1000 No,23632.948
Colombia,2017,1000 No,48131.078
Comoros,2017,1000 No,756.669
Congo,2017,1000 No,5351.011
Cook Islands,2017,1000 No,17.047
Costa Rica,2017,1000 No,4913.177
Côte d'Ivoire,2017,1000 No,26733.372
Croatia,2017,1000 No,4079.2
Cuba,2017,1000 No,11247.829
Curaçao,2017,1000 No,168.516
Cyprus,2017,1000 No,1254.275
Czechia,2017,1000 No,10541.342
Democratic People's Republic of Korea,2017,1000 No,25817.709
Democratic Republic of the Congo,2017,1000 No,87083.398
Denmark,2017,1000 No,5765.168
Djibouti,2017,1000 No,1054.841
Dominica,2017,1000 No,68.496
Dominican Republic,2017,1000 No,10666.843
Ecuador,2017,1000 No,16759.519
Egypt,2017,1000 No,103696.057
El Salvador,2017,1000 No,6213.533
Equatorial Guinea,2017,1000 No,1562.396
Eritrea,2017,1000 No,3150.347
Estonia,2017,1000 No,1317.425
Eswatini,2017,1000 No,1158.195
Ethiopia,2017,1000 No,109666.481
Falkland Islands (Malvinas),2017,1000 No,3.518
Faroe Islands,2017,1000 No,50.243
Fiji,2017,1000 No,918.759
Finland,2017,1000 No,5508.396
France,2017,1000 No,65284.776
French Guiana,2017,1000 No,276.144
French Polynesia,2017,1000 No,280.087
Gabon,2017,1000 No,2156.9
Gambia,2017,1000 No,2342.189
Georgia,2017,1000 No,3792.859
Germany,2017,1000 No,83104.007
Ghana,2017,1000 No,30008.354
Gibraltar,2017,1000 No,34.245
Greece,2017,1000 No,10753.533
Greenland,2017,1000 No,56.071
Grenada,2017,1000 No,115.438
Guadeloupe,2017,1000 No,412.692
Guam,2017,1000 No,163.49
Guatemala,2017,1000 No,16567.357
Guinea,2017,1000 No,12385.659
Guinea-Bissau,2017,1000 No,1877.072
Guyana,2017,1000 No,768.479
Haiti,2017,1000 No,10817.754
Honduras,2017,1000 No,9588.137
Hungary,2017,1000 No,9785.604
Iceland,2017,1000 No,343.531
India,2017,1000 No,1359657.4
Indonesia,2017,1000 No,267346.658
Iran (Islamic Republic of),2017,1000 No,85026.754
Iraq,2017,1000 No,39337.353
Ireland,2017,1000 No,4810.261
Isle of Man,2017,1000 No,83.609
Israel,2017,1000 No,8361.797
Italy,2017,1000 No,60390.318
Jamaica,2017,1000 No,2815.764
Japan,2017,1000 No,127064.69
Jordan,2017,1000 No,10234.226
Kazakhstan,2017,1000 No,18651.931
Kenya,2017,1000 No,49197.766
Kiribati,2017,1000 No,120.275
Kuwait,2017,1000 No,4154.685
Kyrgyzstan,2017,1000 No,6220.15
Lao People's Democratic Republic,2017,1000 No,7018.147
Latvia,2017,1000 No,1942.594
Lebanon,2017,1000 No,6160.128
Lesotho,2017,1000 No,2157.11
Liberia,2017,1000 No,4848.925
Libya,2017,1000 No,6738.77
Liechtenstein,2017,1000 No,37.85
Lithuania,2017,1000 No,2829.313
Luxembourg,2017,1000 No,596.495
Madagascar,2017,1000 No,26788.375
Malawi,2017,1000 No,18039.715
Malaysia,2017,1000 No,32355.644
Maldives,2017,1000 No,458.287
Mali,2017,1000 No,19813.01
Malta,2017,1000 No,467.902
Marshall Islands,2017,1000 No,46.529
Martinique,2017,1000 No,371.502
Mauritania,2017,1000 No,4210.6
Mauritius,2017,1000 No,1290.655
Mayotte,2017,1000 No,265.164
Mexico,2017,1000 No,123400.057
Micronesia (Federated States of),2017,1000 No,109.481
Monaco,2017,1000 No,37.678
Mongolia,2017,1000 No,3104.364
Montenegro,2017,1000 No,620.114
Montserrat,2017,1000 No,4.603
Morocco,2017,1000 No,35446.392
Mozambique,2017,1000 No,28166.393
Myanmar,2017,1000 No,51894.938
Namibia,2017,1000 No,2506.853
Nauru,2017,1000 No,11.324
Nepal,2017,1000 No,28011.258
Netherlands (Kingdom of the),2017,1000 No,17315.37
New Caledonia,2017,1000 No,283.546
New Zealand,2017,1000 No,4812.752
Nicaragua,2017,1000 No,6316.231
Niger,2017,1000 No,21435.446
Nigeria,2017,1000 No,200254.579
Niue,2017,1000 No,1.78
North Macedonia,2017,1000 No,1940.879
Northern Mariana Islands,2017,1000 No,49.959
Norway,2017,1000 No,5276.802
Oman,2017,1000 No,4537.396
Pakistan,2017,1000 No,223273.967
Palau,2017,1000 No,17.812
Palestine,2017,1000 No,4742.743
Panama,2017,1000 No,4098.707
Papua New Guinea,2017,1000 No,9178.714
Paraguay,2017,1000 No,6338.66
Peru,2017,1000 No,31324.637
Philippines,2017,1000 No,108119.693
Poland,2017,1000 No,38254.959
Portugal,2017,1000 No,10330.844
Puerto Rico,2017,1000 No,3371.874
Qatar,2017,1000 No,2706.709
Republic of Korea,2017,1000 No,51486.27
Republic of Moldova,2017,1000 No,3193.497
Réunion,2017,1000 No,858.754
Romania,2017,1000 No,19689.402
Russian Federation,2017,1000 No,146186.799
Rwanda,2017,1000 No,12202.06
Saint Barthélemy,2017,1000 No,9.928
Saint Kitts and Nevis,2017,1000 No,47.05
Saint Lucia,2017,1000 No,176.342
Saint Martin (French part),2017,1000 No,36.837
Saint Pierre and Miquelon,2017,1000 No,5.919
Saint Vincent and the Grenadines,2017,1000 No,105.663
Samoa,2017,1000 No,205.415
San Marino,2017,1000 No,34.378
Sao Tome and Principe,2017,1000 No,206.97
Saudi Arabia,2017,1000 No,30782.402
Senegal,2017,1000 No,15475.002
Serbia,2017,1000 No,7073.507
Seychelles,2017,1000 No,112.427
Sierra Leone,2017,1000 No,7379.299
Singapore,2017,1000 No,5604.078
Sint Maarten (Dutch part),2017,1000 No,38.996
Slovakia,2017,1000 No,5435.7
Slovenia,2017,1000 No,2062.41
Solomon Islands,2017,1000 No,685.672
Somalia,2017,1000 No,14916.629
South Africa,2017,1000 No,57635.162
South Sudan,2017,1000 No,10259.154
Spain,2017,1000 No,46868.596
Sri Lanka,2017,1000 No,22087.522
Sudan,2017,1000 No,42714.306
Suriname,2017,1000 No,593.713
Sweden,2017,1000 No,10057.862
Switzerland,2017,1000 No,8453.628
Syrian Arab Republic,2017,1000 No,19224.668
Tajikistan,2017,1000 No,9085.946
Thailand,2017,1000 No,71160.187
Timor-Leste,2017,1000 No,1251.703
Togo,2017,1000 No,7324.386
Tokelau,2017,1000 No,1.742
Tonga,2017,1000 No,105.356
Trinidad and Tobago,2017,1000 No,1445.261
Tunisia,2017,1000 No,11650.498
Türkiye,2017,1000 No,83083.662
Turkmenistan,2017,1000 No,6507.061
Turks and Caicos Islands,2017,1000 No,39.913
Tuvalu,2017,1000 No,10.869
Uganda,2017,1000 No,40177.388
Ukraine,2017,1000 No,45436.041
United Arab Emirates,2017,1000 No,9234.327
United Kingdom of Great Britain and Northern Ireland,2017,1000 No,66354.471
United Republic of Tanzania,2017,1000 No,55652.89
United States of America,2017,1000 No,332204.66
United States Virgin Islands,2017,1000 No,95.118
Uruguay,2017,1000 No,3388.438
Uzbekistan,2017,1000 No,31819.178
Vanuatu,2017,1000 No,278.507
Venezuela (Bolivarian Republic of),2017,1000 No,30565.323
Viet Nam,2017,1000 No,95176.977
Wallis and Futuna Islands,2017,1000 No,11.918
Western Sahara,2017,1000 No,512.843
Yemen,2017,1000 No,33090.921
Zambia,2017,1000 No,17441.32
Zimbabwe,2017,1000 No,14812.482