Area,Element,Item,Year,Unit,Value
Afghanistan,Domestic supply quantity,Poultry Meat,2017,1000 t,64
Albania,Domestic supply quantity,Poultry Meat,2017,1000 t,33
Algeria,Domestic supply quantity,Poultry Meat,2017,1000 t,286
Angola,Domestic supply quantity,Poultry Meat,2017,1000 t,318
Antigua and Barbuda,Domestic supply quantity,Poultry Meat,2017,1000 t,7
Argentina,Domestic supply quantity,Poultry Meat,2017,1000 t,1962
Armenia,Domestic supply quantity,Poultry Meat,2017,1000 t,46
Australia,Domestic supply quantity,Poultry Meat,2017,1000 t,1245
Austria,Domestic supply quantity,Poultry Meat,2017,1000 t,172
Azerbaijan,Domestic supply quantity,Poultry Meat,2017,1000 t,129
Bahamas,Domestic supply quantity,Poultry Meat,2017,1000 t,22
Bangladesh,Domestic supply quantity,Poultry Meat,2017,1000 t,258
Barbados,Domestic supply quantity,Poultry Meat,2017,1000 t,17
Belarus,Domestic supply quantity,Poultry Meat,2017,1000 t,266
Belgium,Domestic supply quantity,Poultry Meat,2017,1000 t,157
Belize,Domestic supply quantity,Poultry Meat,2017,1000 t,20
Bolivia (Plurinational State of),Domestic supply quantity,Poultry Meat,2017,1000 t,507
Bosnia and Herzegovina,Domestic supply quantity,Poultry Meat,2017,1000 t,63
Botswana,Domestic supply quantity,Poultry Meat,2017,1000 t,8
Brazil,Domestic supply quantity,Poultry Meat,2017,1000 t,9902
Bulgaria,Domestic supply quantity,Poultry Meat,2017,1000 t,157
Burkina Faso,Domestic supply quantity,Poultry Meat,2017,1000 t,42
Cabo Verde,Domestic supply quantity,Poultry Meat,2017,1000 t,13
Cambodia,Domestic supply quantity,Poultry Meat,2017,1000 t,35
Cameroon,Domestic supply quantity,Poultry Meat,2017,1000 t,78
Canada,Domestic supply quantity,Poultry Meat,2017,1000 t,1431
Chile,Domestic supply quantity,Poultry Meat,2017,1000 t,736
China,Domestic supply quantity,Poultry Meat,2017,1000 t,18670
"China, Hong Kong SAR",Domestic supply quantity,Poultry Meat,2017,1000 t,237
"China, Macao SAR",Domestic supply quantity,Poultry Meat,2017,1000 t,21
"China, mainland",Domestic supply quantity,Poultry Meat,2017,1000 t,17621
"China, Taiwan Province of",Domestic supply quantity,Poultry Meat,2017,1000 t,792
Colombia,Domestic supply quantity,Poultry Meat,2017,1000 t,1639
Comoros,Domestic supply quantity,Poultry Meat,2017,1000 t,13
Congo,Domestic supply quantity,Poultry Meat,2017,1000 t,107
Costa Rica,Domestic supply quantity,Poultry Meat,2017,1000 t,134
Côte d'Ivoire,Domestic supply quantity,Poultry Meat,2017,1000 t,49
Croatia,Domestic supply quantity,Poultry Meat,2017,1000 t,45
Cuba,Domestic supply quantity,Poultry Meat,2017,1000 t,341
Cyprus,Domestic supply quantity,Poultry Meat,2017,1000 t,34
Czechia,Domestic supply quantity,Poultry Meat,2017,1000 t,248
Democratic People's Republic of Korea,Domestic supply quantity,Poultry Meat,2017,1000 t,43
Democratic Republic of the Congo,Domestic supply quantity,Poultry Meat,2017,1000 t,119
Denmark,Domestic supply quantity,Poultry Meat,2017,1000 t,146
Djibouti,Domestic supply quantity,Poultry Meat,2017,1000 t,3
Dominican Republic,Domestic supply quantity,Poultry Meat,2017,1000 t,375
Ecuador,Domestic supply quantity,Poultry Meat,2017,1000 t,340
Egypt,Domestic supply quantity,Poultry Meat,2017,1000 t,1554
El Salvador,Domestic supply quantity,Poultry Meat,2017,1000 t,150
Estonia,Domestic supply quantity,Poultry Meat,2017,1000 t,28
Eswatini,Domestic supply quantity,Poultry Meat,2017,1000 t,8
Ethiopia,Domestic supply quantity,Poultry Meat,2017,1000 t,68
Fiji,Domestic supply quantity,Poultry Meat,2017,1000 t,36
Finland,Domestic supply quantity,Poultry Meat,2017,1000 t,112
France,Domestic supply quantity,Poultry Meat,2017,1000 t,1753
French Polynesia,Domestic supply quantity,Poultry Meat,2017,1000 t,16
Gabon,Domestic supply quantity,Poultry Meat,2017,1000 t,80
Gambia,Domestic supply quantity,Poultry Meat,2017,1000 t,18
Georgia,Domestic supply quantity,Poultry Meat,2017,1000 t,67
Germany,Domestic supply quantity,Poultry Meat,2017,1000 t,1557
Ghana,Domestic supply quantity,Poultry Meat,2017,1000 t,209
Greece,Domestic supply quantity,Poultry Meat,2017,1000 t,178
Grenada,Domestic supply quantity,Poultry Meat,2017,1000 t,8
Guatemala,Domestic supply quantity,Poultry Meat,2017,1000 t,354
Guinea,Domestic supply quantity,Poultry Meat,2017,1000 t,27
Guinea-Bissau,Domestic supply quantity,Poultry Meat,2017,1000 t,7
Guyana,Domestic supply quantity,Poultry Meat,2017,1000 t,31
Haiti,Domestic supply quantity,Poultry Meat,2017,1000 t,98
Honduras,Domestic supply quantity,Poultry Meat,2017,1000 t,204
Hungary,Domestic supply quantity,Poultry Meat,2017,1000 t,264
Iceland,Domestic supply quantity,Poultry Meat,2017,1000 t,11
India,Domestic supply quantity,Poultry Meat,2017,1000 t,3800
Indonesia,Domestic supply quantity,Poultry Meat,2017,1000 t,2049
Iran (Islamic Republic of),Domestic supply quantity,Poultry Meat,2017,1000 t,2189
Iraq,Domestic supply quantity,Poultry Meat,2017,1000 t,584
Ireland,Domestic supply quantity,Poultry Meat,2017,1000 t,121
Israel,Domestic supply quantity,Poultry Meat,2017,1000 t,626
Italy,Domestic supply quantity,Poultry Meat,2017,1000 t,1172
Jamaica,Domestic supply quantity,Poultry Meat,2017,1000 t,152
Jordan,Domestic supply quantity,Poultry Meat,2017,1000 t,247
Kazakhstan,Domestic supply quantity,Poultry Meat,2017,1000 t,337
Kenya,Domestic supply quantity,Poultry Meat,2017,1000 t,107
Kiribati,Domestic supply quantity,Poultry Meat,2017,1000 t,2
Kuwait,Domestic supply quantity,Poultry Meat,2017,1000 t,189
Kyrgyzstan,Domestic supply quantity,Poultry Meat,2017,1000 t,33
Lao People's Democratic Republic,Domestic supply quantity,Poultry Meat,2017,1000 t,38
Latvia,Domestic supply quantity,Poultry Meat,2017,1000 t,41
Lebanon,Domestic supply quantity,Poultry Meat,2017,1000 t,141
Lesotho,Domestic supply quantity,Poultry Meat,2017,1000 t,13
Liberia,Domestic supply quantity,Poultry Meat,2017,1000 t,63
Libya,Domestic supply quantity,Poultry Meat,2017,1000 t,185
Lithuania,Domestic supply quantity,Poultry Meat,2017,1000 t,82
Luxembourg,Domestic supply quantity,Poultry Meat,2017,1000 t,11
Madagascar,Domestic supply quantity,Poultry Meat,2017,1000 t,84
Malawi,Domestic supply quantity,Poultry Meat,2017,1000 t,130
Malaysia,Domestic supply quantity,Poultry Meat,2017,1000 t,1689
Maldives,Domestic supply quantity,Poultry Meat,2017,1000 t,12
Malta,Domestic supply quantity,Poultry Meat,2017,1000 t,13
Mauritania,Domestic supply quantity,Poultry Meat,2017,1000 t,22
Mauritius,Domestic supply quantity,Poultry Meat,2017,1000 t,49
Mexico,Domestic supply quantity,Poultry Meat,2017,1000 t,4214
Mongolia,Domestic supply quantity,Poultry Meat,2017,1000 t,9
Montenegro,Domestic supply quantity,Poultry Meat,2017,1000 t,10
Morocco,Domestic supply quantity,Poultry Meat,2017,1000 t,730
Mozambique,Domestic supply quantity,Poultry Meat,2017,1000 t,116
Myanmar,Domestic supply quantity,Poultry Meat,2017,1000 t,1733
Namibia,Domestic supply quantity,Poultry Meat,2017,1000 t,27
Nepal,Domestic supply quantity,Poultry Meat,2017,1000 t,58
Netherlands (Kingdom of the),Domestic supply quantity,Poultry Meat,2017,1000 t,290
New Caledonia,Domestic supply quantity,Poultry Meat,2017,1000 t,10
New Zealand,Domestic supply quantity,Poultry Meat,2017,1000 t,200
Nicaragua,Domestic supply quantity,Poultry Meat,2017,1000 t,138
Niger,Domestic supply quantity,Poultry Meat,2017,1000 t,23
Nigeria,Domestic supply quantity,Poultry Meat,2017,1000 t,273
North Macedonia,Domestic supply quantity,Poultry Meat,2017,1000 t,41
Norway,Domestic supply quantity,Poultry Meat,2017,1000 t,111
Oman,Domestic supply quantity,Poultry Meat,2017,1000 t,114
Pakistan,Domestic supply quantity,Poultry Meat,2017,1000 t,1279
Panama,Domestic supply quantity,Poultry Meat,2017,1000 t,192
Papua New Guinea,Domestic supply quantity,Poultry Meat,2017,1000 t,31
Paraguay,Domestic supply quantity,Poultry Meat,2017,1000 t,65
Peru,Domestic supply quantity,Poultry Meat,2017,1000 t,1523
Philippines,Domestic supply quantity,Poultry Meat,2017,1000 t,1494
Poland,Domestic supply quantity,Poultry Meat,2017,1000 t,1327
Portugal,Domestic supply quantity,Poultry Meat,2017,1000 t,325
Republic of Korea,Domestic supply quantity,Poultry Meat,2017,1000 t,968
Republic of Moldova,Domestic supply quantity,Poultry Meat,2017,1000 t,61
Romania,Domestic supply quantity,Poultry Meat,2017,1000 t,455
Russian Federation,Domestic supply quantity,Poultry Meat,2017,1000 t,4657
Rwanda,Domestic supply quantity,Poultry Meat,2017,1000 t,18
Saint Kitts and Nevis,Domestic supply quantity,Poultry Meat,2017,1000 t,4
Saint Lucia,Domestic supply quantity,Poultry Meat,2017,1000 t,11
Saint Vincent and the Grenadines,Domestic supply quantity,Poultry Meat,2017,1000 t,9
Samoa,Domestic supply quantity,Poultry Meat,2017,1000 t,18
Sao Tome and Principe,Domestic supply quantity,Poultry Meat,2017,1000 t,2
Saudi Arabia,Domestic supply quantity,Poultry Meat,2017,1000 t,1258
Senegal,Domestic supply quantity,Poultry Meat,2017,1000 t,96
Serbia,Domestic supply quantity,Poultry Meat,2017,1000 t,90
Seychelles,Domestic supply quantity,Poultry Meat,2017,1000 t,4
Sierra Leone,Domestic supply quantity,Poultry Meat,2017,1000 t,29
Slovakia,Domestic supply quantity,Poultry Meat,2017,1000 t,80
Slovenia,Domestic supply quantity,Poultry Meat,2017,1000 t,51
Solomon Islands,Domestic supply quantity,Poultry Meat,2017,1000 t,5
South Africa,Domestic supply quantity,Poultry Meat,2017,1000 t,2115
Spain,Domestic supply quantity,Poultry Meat,2017,1000 t,1434
Sri Lanka,Domestic supply quantity,Poultry Meat,2017,1000 t,199
Suriname,Domestic supply quantity,Poultry Meat,2017,1000 t,27
Sweden,Domestic supply quantity,Poultry Meat,2017,1000 t,185
Switzerland,Domestic supply quantity,Poultry Meat,2017,1000 t,134
Syrian Arab Republic,Domestic supply quantity,Poultry Meat,2017,1000 t,155
Tajikistan,Domestic supply quantity,Poultry Meat,2017,1000 t,38
Thailand,Domestic supply quantity,Poultry Meat,2017,1000 t,970
Timor-Leste,Domestic supply quantity,Poultry Meat,2017,1000 t,13
Trinidad and Tobago,Domestic supply quantity,Poultry Meat,2017,1000 t,84
Tunisia,Domestic supply quantity,Poultry Meat,2017,1000 t,195
Türkiye,Domestic supply quantity,Poultry Meat,2017,1000 t,1760
Turkmenistan,Domestic supply quantity,Poultry Meat,2017,1000 t,31
Uganda,Domestic supply quantity,Poultry Meat,2017,1000 t,66
Ukraine,Domestic supply quantity,Poultry Meat,2017,1000 t,1056
United Arab Emirates,Domestic supply quantity,Poultry Meat,2017,1000 t,495
United Kingdom of Great Britain and Northern Ireland,Domestic supply quantity,Poultry Meat,2017,1000 t,2303
United Republic of Tanzania,Domestic supply quantity,Poultry Meat,2017,1000 t,68
United States of America,Domestic supply quantity,Poultry Meat,2017,1000 t,18305
Uruguay,Domestic supply quantity,Poultry Meat,2017,1000 t,33
Uzbekistan,Domestic supply quantity,Poultry Meat,2017,1000 t,67
Vanuatu,Domestic supply quantity,Poultry Meat,2017,1000 t,5
Venezuela (Bolivarian Republic of),Domestic supply quantity,Poultry Meat,2017,1000 t,486
Viet Nam,Domestic supply quantity,Poultry Meat,2017,1000 t,927
Yemen,Domestic supply quantity,Poultry Meat,2017,1000 t,253
Zambia,Domestic supply quantity,Poultry Meat,2017,1000 t,60
Zimbabwe,Domestic supply quantity,Poultry Meat,2017,1000 t,75