REF_AREA_LABEL,INDICATOR_LABEL,2017
Panama,Urban population (% of total population),65.6577712475758
Denmark,Urban population (% of total population),88.0161943799509
IDA only,Urban population (% of total population),33.526682614930300
Liechtenstein,Urban population (% of total population),14.5144332791067
Eastern & Southern Africa,Urban population (% of total population),35.28298683264580
Côte d’Ivoire,Urban population (% of total population),50.3977309654344
Gabon,Urban population (% of total population),89.0009733256896
Burundi,Urban population (% of total population),16.6241273909209
St. Vincent and the Grenadines,Urban population (% of total population),46.9392900518098
"Congo, Rep.",Urban population (% of total population),63.3544545340423
South Sudan,Urban population (% of total population),19.3489927232944
Other small states,Urban population (% of total population),53.44412543775980
French Polynesia,Urban population (% of total population),61.7896941062846
Argentina,Urban population (% of total population),91.6776028433824
New Caledonia,Urban population (% of total population),66.9683393293094
Bangladesh,Urban population (% of total population),30.2015798381799
Barbados,Urban population (% of total population),59.25926986892
"Congo, Dem. Rep.",Urban population (% of total population),42.1127579403217
Romania,Urban population (% of total population),53.3648643239046
Poland,Urban population (% of total population),60.145888199417
Tonga,Urban population (% of total population),22.9711300654966
Mali,Urban population (% of total population),27.0646702892896
Belize,Urban population (% of total population),43.4211086747287
"Iran, Islamic Rep.",Urban population (% of total population),74.4011840820312
Malawi,Urban population (% of total population),15.9634281867266
St. Martin (French part),Urban population (% of total population),100.0
Guinea,Urban population (% of total population),35.5827331542969
Qatar,Urban population (% of total population),99.0310125265978
Lower middle income,Urban population (% of total population),38.751684345238100
Aruba,Urban population (% of total population),62.7768488886109
Sri Lanka,Urban population (% of total population),19.1507693078088
Senegal,Urban population (% of total population),47.9338349639053
Fragile and conflict affected situations,Urban population (% of total population),44.1056109363171
North America,Urban population (% of total population),80.50591592939770
Kenya,Urban population (% of total population),31.5383650847102
Israel,Urban population (% of total population),91.6701057535759
Cameroon,Urban population (% of total population),53.3115142121504
Northern Mariana Islands,Urban population (% of total population),91.4720215898621
"Korea, Rep.",Urban population (% of total population),81.471030429984
"Korea, Dem. People's Rep.",Urban population (% of total population),61.8206076091402
Mexico,Urban population (% of total population),77.7206924598541
Virgin Islands (U.S.),Urban population (% of total population),95.0366785523929
Equatorial Guinea,Urban population (% of total population),69.5516019132985
St. Lucia,Urban population (% of total population),21.783720356472
Oman,Urban population (% of total population),78.3142260040136
Channel Islands,Urban population (% of total population),32.7853219355631
South Asia,Urban population (% of total population),33.26438762300470
"Macao SAR, China",Urban population (% of total population),100.0
Russian Federation,Urban population (% of total population),74.460036813029
Kyrgyz Republic,Urban population (% of total population),34.9980805726839
Myanmar,Urban population (% of total population),29.9051727703437
Lebanon,Urban population (% of total population),89.0519233886895
Guam,Urban population (% of total population),94.0797139460527
Thailand,Urban population (% of total population),49.2311973571777
Faroe Islands,Urban population (% of total population),38.3324699401855
Malaysia,Urban population (% of total population),74.2354806421432
Finland,Urban population (% of total population),71.9563038312956
Vietnam,Urban population (% of total population),33.3625963003742
Burkina Faso,Urban population (% of total population),25.9769918665632
Bosnia and Herzegovina,Urban population (% of total population),48.4918401819106
Kazakhstan,Urban population (% of total population),57.4586448748837
Belgium,Urban population (% of total population),86.6731739531869
"Middle East, North Africa, Afghanistan & Pakistan (IDA & IBRD)",Urban population (% of total population),50.78665714360820
Djibouti,Urban population (% of total population),71.318261933957
Samoa,Urban population (% of total population),18.9657191879831
OECD members,Urban population (% of total population),80.45253619078530
"Venezuela, RB",Urban population (% of total population),89.0287726100378
"Bahamas, The",Urban population (% of total population),82.0814018736052
Paraguay,Urban population (% of total population),62.9526389826574
Hungary,Urban population (% of total population),70.4542541503906
British Virgin Islands,Urban population (% of total population),50.8953552772346
St. Kitts and Nevis,Urban population (% of total population),31.3169642505921
Greenland,Urban population (% of total population),86.3915557861328
Portugal,Urban population (% of total population),61.1296726507436
Azerbaijan,Urban population (% of total population),56.4331887124691
Nepal,Urban population (% of total population),65.5768928085184
Bhutan,Urban population (% of total population),37.8645544995016
Marshall Islands,Urban population (% of total population),76.2253071645634
Cyprus,Urban population (% of total population),66.8907450570326
Montenegro,Urban population (% of total population),64.9992438680584
Niger,Urban population (% of total population),16.5036987906896
Kiribati,Urban population (% of total population),52.9734697275451
Iraq,Urban population (% of total population),69.8944511190753
Estonia,Urban population (% of total population),68.9931941915158
Angola,Urban population (% of total population),65.0850525086068
Isle of Man,Urban population (% of total population),52.1498415744309
Caribbean small states,Urban population (% of total population),50.17829635039980
Lesotho,Urban population (% of total population),36.5283648068846
Luxembourg,Urban population (% of total population),92.0963768119916
Uruguay,Urban population (% of total population),95.2288235732042
Latin America & Caribbean,Urban population (% of total population),79.82853317419030
Western & Central Africa,Urban population (% of total population),48.747413877585600
New Zealand,Urban population (% of total population),84.1701025874108
Seychelles,Urban population (% of total population),43.4968644410824
Sudan,Urban population (% of total population),34.2872225663509
Saudi Arabia,Urban population (% of total population),83.300690534822
Low & middle income,Urban population (% of total population),50.28747020067310
Georgia,Urban population (% of total population),57.9996827205757
Heavily indebted poor countries (HIPC),Urban population (% of total population),34.74910170800370
South Africa,Urban population (% of total population),63.3311078299936
Brunei Darussalam,Urban population (% of total population),74.8476440654983
Dominican Republic,Urban population (% of total population),73.926806252977
Sweden,Urban population (% of total population),87.237373786911
"Gambia, The",Urban population (% of total population),60.471712657237
Japan,Urban population (% of total population),91.5498419685883
Least developed countries: UN classification,Urban population (% of total population),33.03936659590500
Timor-Leste,Urban population (% of total population),29.3600996787092
Mozambique,Urban population (% of total population),32.6274411492675
Slovenia,Urban population (% of total population),55.2451133728027
Jamaica,Urban population (% of total population),55.9152267548307
Canada,Urban population (% of total population),81.4018945832226
Latin America & Caribbean (excluding high income),Urban population (% of total population),79.17325470404710
Turkmenistan,Urban population (% of total population),47.0334857399476
"Middle East, North Africa, Afghanistan & Pakistan (excluding high income)",Urban population (% of total population),51.02128913298280
São Tomé and Príncipe,Urban population (% of total population),67.6520004272461
World,Urban population (% of total population),55.31842264509480
Curaçao,Urban population (% of total population),91.3480685861287
Haiti,Urban population (% of total population),50.735083378449
Ukraine,Urban population (% of total population),69.2633108489282
Bahrain,Urban population (% of total population),100.0
Fiji,Urban population (% of total population),55.7408343449609
Colombia,Urban population (% of total population),77.2245191706503
United States,Urban population (% of total population),80.4018678392891
Sub-Saharan Africa,Urban population (% of total population),40.77471318038460
Uzbekistan,Urban population (% of total population),50.6787376403809
Madagascar,Urban population (% of total population),29.671033028335
Papua New Guinea,Urban population (% of total population),13.5249644881888
Brazil,Urban population (% of total population),86.1982897571091
Italy,Urban population (% of total population),69.5180784259382
Central Europe and the Baltics,Urban population (% of total population),61.871575661727
Algeria,Urban population (% of total population),71.3227912436551
IDA blend,Urban population (% of total population),45.11442594872830
Mongolia,Urban population (% of total population),67.9260583223672
Greece,Urban population (% of total population),77.8895342613411
Spain,Urban population (% of total population),79.4663233085683
Chile,Urban population (% of total population),87.8000295757281
"Egypt, Arab Rep.",Urban population (% of total population),42.4486008687179
Early-demographic dividend,Urban population (% of total population),45.12493605555890
Cayman Islands,Urban population (% of total population),100.0
East Asia & Pacific,Urban population (% of total population),59.80370838384590
Nigeria,Urban population (% of total population),57.3486345560101
Albania,Urban population (% of total population),55.980276426546
United Kingdom,Urban population (% of total population),82.23065673273
Sub-Saharan Africa (excluding high income),Urban population (% of total population),43.08551023730350
Honduras,Urban population (% of total population),55.3877322339915
Pacific island small states,Urban population (% of total population),38.804351318085100
West Bank and Gaza,Urban population (% of total population),85.3782255354
"Somalia, Federal Republic of",Urban population (% of total population),48.3639630032265
Sub-Saharan Africa (IDA & IBRD),Urban population (% of total population),40.77471318038460
"Micronesia, Fed. Sts.",Urban population (% of total population),22.332401189542
Rwanda,Urban population (% of total population),20.2477568101111
East Asia & Pacific (excluding high income),Urban population (% of total population),56.46546382583270
Zimbabwe,Urban population (% of total population),34.7014953017273
Palau,Urban population (% of total population),79.8284579022498
Puerto Rico,Urban population (% of total population),93.8561953815964
Armenia,Urban population (% of total population),64.7124948593667
United Arab Emirates,Urban population (% of total population),84.686675718659
Ireland,Urban population (% of total population),62.9035196521232
Grenada,Urban population (% of total population),36.0173296416579
Low income,Urban population (% of total population),34.508382675617400
Nicaragua,Urban population (% of total population),58.1892567408822
Bolivia,Urban population (% of total population),69.0838016274736
Ghana,Urban population (% of total population),54.6991419779128
Tanzania,Urban population (% of total population),32.2987013317296
Latvia,Urban population (% of total population),67.9706866054779
France,Urban population (% of total population),78.6467804026368
American Samoa,Urban population (% of total population),83.8890385422071
Iceland,Urban population (% of total population),93.7718982310092
Lithuania,Urban population (% of total population),67.1012954711914
Tunisia,Urban population (% of total population),68.2877807617188
Dominica,Urban population (% of total population),70.6405848604787
Jordan,Urban population (% of total population),90.8764609714428
Costa Rica,Urban population (% of total population),76.0539254265608
Vanuatu,Urban population (% of total population),24.7644441456437
Morocco,Urban population (% of total population),61.2761057031842
Ecuador,Urban population (% of total population),63.0194591842425
Cuba,Urban population (% of total population),76.9603271484375
High income,Urban population (% of total population),79.56463615530090
Guinea-Bissau,Urban population (% of total population),43.0155792236328
Cambodia,Urban population (% of total population),35.0127905056235
Zambia,Urban population (% of total population),42.7295979877011
Turks and Caicos Islands,Urban population (% of total population),92.4155868799755
Antigua and Barbuda,Urban population (% of total population),24.8500263836871
Benin,Urban population (% of total population),47.2942774880391
Indonesia,Urban population (% of total population),54.4541015625
Australia,Urban population (% of total population),87.12809266445
Kuwait,Urban population (% of total population),100.0
Nauru,Urban population (% of total population),100.0
Suriname,Urban population (% of total population),66.1046467051207
Maldives,Urban population (% of total population),39.32787719143
Namibia,Urban population (% of total population),46.8135799686288
Türkiye,Urban population (% of total population),88.0320472717286
Guyana,Urban population (% of total population),26.412905546573
Sint Maarten (Dutch part),Urban population (% of total population),100.0
Malta,Urban population (% of total population),94.5691806330314
Switzerland,Urban population (% of total population),77.9126273688843
IDA total,Urban population (% of total population),37.61035880431710
Peru,Urban population (% of total population),82.1931650502403
Chad,Urban population (% of total population),23.461349471105
Kosovo,Urban population (% of total population),41.7578065585746
Norway,Urban population (% of total population),81.9699745912375
Trinidad and Tobago,Urban population (% of total population),53.9293186833833
Cabo Verde,Urban population (% of total population),69.1999988159713
Afghanistan,Urban population (% of total population),24.8352821238871
Andorra,Urban population (% of total population),88.4977035522461
Pakistan,Urban population (% of total population),36.4351548223399
Monaco,Urban population (% of total population),100.0
Serbia,Urban population (% of total population),60.621208190918
San Marino,Urban population (% of total population),97.0999984741211
Euro area,Urban population (% of total population),76.47374064641590
European Union,Urban population (% of total population),74.19407991103930
Liberia,Urban population (% of total population),51.7957569553849
Arab World,Urban population (% of total population),58.680894160159500
Netherlands,Urban population (% of total population),91.1219700676602
South Asia (IDA & IBRD),Urban population (% of total population),33.26438762300470
Europe & Central Asia,Urban population (% of total population),73.03961433698440
North Macedonia,Urban population (% of total population),59.7437719356273
Bermuda,Urban population (% of total population),100.0
Ethiopia,Urban population (% of total population),20.3084850311279
Guatemala,Urban population (% of total population),53.7994723140017
Upper middle income,Urban population (% of total population),65.29126889790670
IDA & IBRD total,Urban population (% of total population),50.64358847080120
Central African Republic,Urban population (% of total population),40.8151443386334
"Hong Kong SAR, China",Urban population (% of total population),100.0
Tuvalu,Urban population (% of total population),59.9531274910912
Post-demographic dividend,Urban population (% of total population),80.57302820907020
Austria,Urban population (% of total population),67.9051196052802
Philippines,Urban population (% of total population),52.6010482354344
India,Urban population (% of total population),33.1821328157539
Lao PDR,Urban population (% of total population),34.5115346444216
Singapore,Urban population (% of total population),100.0
Gibraltar,Urban population (% of total population),100.0
Eswatini,Urban population (% of total population),23.8052004963161
Tajikistan,Urban population (% of total population),26.2731513977051
Czechia,Urban population (% of total population),72.9121853567256
Botswana,Urban population (% of total population),65.9456435684731
East Asia & Pacific (IDA & IBRD),Urban population (% of total population),56.398836733004600
China,Urban population (% of total population),60.2402687072754
Eritrea,Urban population (% of total population),35.4427146911621
Solomon Islands,Urban population (% of total population),25.3830535769599
Small states,Urban population (% of total population),50.74051995736100
Libya,Urban population (% of total population),87.8166729870528
Late-demographic dividend,Urban population (% of total population),62.7392997946222
Sierra Leone,Urban population (% of total population),41.7106682105058
"Middle East, North Africa, Afghanistan & Pakistan",Urban population (% of total population),54.09276139564610
Mauritania,Urban population (% of total population),54.1970448502004
Slovak Republic,Urban population (% of total population),53.6126018237016
"Yemen, Rep.",Urban population (% of total population),33.5586912522175
Bulgaria,Urban population (% of total population),73.3904571533203
Uganda,Urban population (% of total population),26.4139260579546
Middle income,Urban population (% of total population),51.743714030285000
Comoros,Urban population (% of total population),31.0996559689293
Latin America & Caribbean (IDA & IBRD),Urban population (% of total population),79.79522841120370
Moldova,Urban population (% of total population),39.9736557006836
Croatia,Urban population (% of total population),55.9009887365155
El Salvador,Urban population (% of total population),71.0856704711914
Belarus,Urban population (% of total population),77.0208206176758
Europe & Central Asia (excluding high income),Urban population (% of total population),67.29084252208230
Pre-demographic dividend,Urban population (% of total population),42.14692620070130
IBRD only,Urban population (% of total population),55.222222793535500
Togo,Urban population (% of total population),40.5809463430719
Germany,Urban population (% of total population),80.9842544038853
Mauritius,Urban population (% of total population),39.4499348663789
Europe & Central Asia (IDA & IBRD),Urban population (% of total population),68.36719968289860
Syrian Arab Republic,Urban population (% of total population),74.5395596323392